"","title","point","review"
"1","오션스8","10","오션스8누가 아직도 박지훈을 고용하나 "
"2","골든슬럼버","1","골든슬럼버진짜 영화 개연성 너무 안타깝다... 주인공은 울상으로 허겁지겁 도망만 다니는 배역이니 강동원도 매력있어 보이지가 않음 배우가 아깝다 ㅠ "
"3","디트로이트","8","디트로이트때로는 영화보다 더 영화같은이란 표현으로 우리네 삶을 묘사한다. 하지만 영화같은 삶은 없다. 그저 처절하게 생생히 살아숨쉬는 지옥불속의 삶이 때때로 존재할뿐. 이시대 가장 냉철하고 예리한 시선. 캐서린 비글로우가 묘사하는 그 지옥을 목도하라. "
"4","유전","10","유전개인적으로....영화에서 다루는 굉장히 기괴하고 기분 더러워지는 그런 설정? 같은 게 여러 개 있는데 그것들이 죄다 나와서 너무 여운이 길어요ㅠ흑 초반엔 정말 지루할 수도 있겠지만 그래서 중 후반부가 더 충격적이뮤ㅠㅠ "
"5","오션스8","10","오션스8너무 재밌다ㅠㅠ 몇번이든지 다시 볼 수 있는 영화 그리고 케이트 블란쳇은 천사다 "
"6","탐정: 리턴즈","10","탐정: 리턴즈재밌어요ㅋㅋㅋ이광수대박ㅋㅋ "
"7","탐정: 리턴즈","10","탐정: 리턴즈진짜 시간가는줄 모르고 재밌게 봤네요..이광수 대박!!!!엄청 웃겨요ㅋ "
"8","마스터","10","마스터강동원은 잘생기고 멋있으라고 대놓고 시킨 역할 소화하는거 너무 잘함 "
"9","탐정: 리턴즈","10","탐정: 리턴즈데이트 무비로도 좋아요. 아주 재밌게 보고왔음 "
"10","쥬라기 월드: 폴른 킹덤","8","쥬라기 월드: 폴른 킹덤재미없다는 사람많은데 솔직히 대놓고 말안되는 부분 생각보다 적고 무난히 재난영화 생존영화 기본틀은 다 갖춰서 볼만함 "
"11","길소뜸","8","길소뜸이산가족 아픔을 제대로 잘 방영한 영화 "
"12","기동전사 건담 디 오리진Ⅵ: 탄생 붉은 혜성","10","기동전사 건담 디 오리진Ⅵ: 탄생 붉은 혜성개인적으로 디오리진 6부작중 제일 재밌었어요 "
"13","오션스8","10","오션스8캐릭터 한명한명이 다 멋있고 특히 케이트 블란쳇 사랑합니다ㅠㅠㅠ "
"14","쥬라기 월드: 폴른 킹덤","2","쥬라기 월드: 폴른 킹덤11살 아들이 보고 나서 울었습니다 너무 재미없다고 이게 뭐냐고 평점 8.5점이 나온다는게 웃기지도 않네요 "
"15","쥬라기 월드: 폴른 킹덤","10","쥬라기 월드: 폴른 킹덤역시 쥬라기는 영화관에서 봐야 지린다~ "
"16","쥬라기 월드: 폴른 킹덤","6","쥬라기 월드: 폴른 킹덤후속편을 만들기 위한 최선의 노력... "
"17","쥬라기 월드: 폴른 킹덤","7","쥬라기 월드: 폴른 킹덤쥬라기월드는 기대없이 봐야합니다. "
"18","탐정: 리턴즈","10","탐정: 리턴즈출연진 캐미가 좋아 잼있어요~ㅋㅋ "
"19","아이 필 프리티","4","아이 필 프리티내용이 억지스럽고 작위적이었다. 르네가 몸매는 그대로인데, 자신감이 넘치는 기간의 행동들이 손,발이 오그라들 것 같았고, 난 왜 영화를 다 본 후에, 아~나도 살빼야겠구나 하는 강한 동한 동기가 생겼다. "
"20","탐정: 리턴즈","10","탐정: 리턴즈난 솔직히 권상우 성동일 잘맞는다고 생각했는데 광수 끼니까 광수 하드캐리 해버리네 개꿀잼 트리오의 활약 "
"21","고금소총 2","6","고금소총 2소변으로 불끄는 장면이 웃김 "
"22","오션스8","1","오션스8지루함 별로임 돈아까움ㅇ "
"23","탐정 : 더 비기닝","1","탐정 : 더 비기닝평점이 높아서 놀랐다. 진짜 댓글알바가 존재하는건가 싶음. 영화개봉했을때 보고는 <더 비기닝> 붙은거보고 속편은 못나오겠다 싶었는데, 흥행을 하고 후속편이 나오고 그것도 흥행을 한다는게 놀랍다. 시대를 역행하는 영화다. "
"24","오션스8","2","오션스8지루함 별로임 돈아까움 "
"25","목숨 건 연애","1","목숨 건 연애개판입니다...ㅋ웃음밖에안나옴 "
"26","탐정: 리턴즈","10","탐정: 리턴즈최고. 통쾌해요 배우들 연기좋고 스토리도 탄탄 "
"27","독전","10","독전김주혁의 약빤연기 조진웅 과 류준열의 힘을뺀 자연스러운연기 그외 조연들의 OOO기  차승원의 필요이상의 에드립이 아쉬웠던 명작 "
"28","탐정: 리턴즈","8","탐정: 리턴즈오랜만에 많이 웃었네요 ! 1편 보다 코믹 부분이늘어나면서 영화내내 유쾌하네요!재미보장! "
"29","오션스8","3","오션스8여성 이딴거 다 필요없고 그냥 노잼인데 어찌 점수를 후하게 주냐 "
"30","독전","10","독전배우들 연기도 감독의 연출도 배경으로 깔리는 음악도 좋았어요 "
"31","살인소설","10","살인소설이게 왜 평점이 이렇냐. 졸라 재미있다. "
"32","탐정: 리턴즈","9","탐정: 리턴즈ㅈㅐ밋어요 열자열자열자 "
"33","유전","10","유전저희동네에서 유전상영을 잘 안해요ㅠㅠ 극장 3곳에서 일주일에 3번한다구요ㅠㅠㅠ보고싶은데... "
"34","버닝","1","버닝남자들 앞에서 옷을 왜 그렇게 잘 벗어? OO들이나 그렇게 벗는 거야 "
"35","오션스8","10","오션스8엄청난 라인업과 편안하게 즐길 수 있는 영화. 매력이 차고 넘치며 누구하나 빠짐 없이 분량 분배도 정말 잘했다. 자극적이고  관객에게서 감정을 쥐어 짜내려고 하는 영화들과는 다르게 그러지 않아서  10점 보다 더 많이 주고싶다. "
"36","탐정: 리턴즈","10","탐정: 리턴즈진짜 존웃...ㅠㅠㅠ아 ㅠㅠ계속 생각납니다 "
"37","유전","6","유전쏘쏘 . 결말덕에 그닥 무섭지않아졌음 밤에생각도 안나 "
"38","오션스8","6","오션스8눈만 즐거우라고 만든 영화. 진정 이런 배우들 데리고 이런 영화밖에 못 뽑아내나...? "
"39","레드 스패로","10","레드 스패로품격있는 스파이 영화. 음악 영상 연출 연기 흠잡을게 없었다 "
"40","1987","10","1987그날이 오면... 믿어지시나요.. 결코 기대할 수 없었던 그날이 왔습니다... 그리고 아직도 완벽한 그날은 오지 않았습니다... 감독님은 미친사람입니다. 지구를 지켜라때부터. 괴작을 넘어 이제 거장이 되시는군요. 크고 깊어 울음이 멈추지 않습니다. "
"41","쥬라기 월드: 폴른 킹덤","8","쥬라기 월드: 폴른 킹덤브라키오사우르스 ~jQuery22405082642943033995_1529275206142?맞나~?? 배가떠나는데 타지못하는 장면~~기억에 남네요~~ "
"42","아이 필 프리티","9","아이 필 프리티진짜 몇년만에 이렇게 극장에서 박장대소 해보는지모르겠내요  완전 크게웃어도  다같이웃으니 눈치볼필요도없는 영화!! 강력추처ㆍ "
"43","램페이지","8","램페이지볼만했다. 생각없이 가볍게 봐 "
"44","쥬라기 월드: 폴른 킹덤","9","쥬라기 월드: 폴른 킹덤초반은좀지루한듯하다가 중반부부터는 눈을못떼겠더라고욥 ㅎ "
"45","쥬라기 월드: 폴른 킹덤","8","쥬라기 월드: 폴른 킹덤영화는 넘 재밌고 좋았는데 요즘 애들은 영화관에선 조용히 해야된다는걸 못배웠나봐요ㅎ 비싼돈 주고 4d로 봤는데 애들 떠드는 소리에 빡쳐서 중간에 나갈뻔...ㅎ 이런 영화는 심야가 답인가봐요 "
"46","위험한 패밀리","1","위험한 패밀리8.5점이라고 이런영화가? 결말봤냐?ㅋㅋㅋ "
"47","탐정 : 더 비기닝","10","탐정 : 더 비기닝기대 마니 안하고 갔는데 넘 재밌었어요~~ "
"48","택시운전사","8","택시운전사대한민국은 5월광주에게 잊을 수 없는 빚을 졌습니다. 차마 발걸음이 떨어지지 않는 금남로를 딛고 오늘이 왔습니다. 너무 가슴이 아파요. "
"49","탐정: 리턴즈","9","탐정: 리턴즈1편보다 재미있었어요.... 재미있고 유쾌했네요.... 즐겁게 볼수 있는 영화 "
"50","쥬라기 월드: 폴른 킹덤","10","쥬라기 월드: 폴른 킹덤화면을 압도하는 스케일 "
"51","쥬라기 월드: 폴른 킹덤","6","쥬라기 월드: 폴른 킹덤뻔하지만 뻔한줄 알면서도 재미있는... 아무생각없이 볼수있음 "
"52","네이키드 웨폰스","10","네이키드 웨폰스이영화 보고 발기부전 이 치료 됐어요 "
"53","튤립 피버","7","튤립 피버스토리는 그래도 탄탄하나 주연커플의 매력을 도통 못느끼겠는게 넘아쉽고 마리아커플이 더 매력있다~ 위기에서 할아버지의 마지막결정 대인배~! "
"54","위대한 독재자","10","위대한 독재자그냥 옛날 영화를 보는 게 시간여행하는 것 같을 것 같아서 틀었는데.. 진짜 충격먹었다 영화라는 장르로 SIR라는 칭호가 붙을려면 이정도는 해야되는구나라는 걸 느꼈다 찰리 채플린경 존경합니다 "
"55","탐정: 리턴즈","9","탐정: 리턴즈역시탐정너무재미있네요~꼭보세요~ "
"56","그해 여름","9","그해 여름아픈 시절에 만나 나이 들어 웃으며 눈물을 흘릴 수 있다는 사실이 보는 이의 맘을 더 아프게 하는구나 "
"57","탐정: 리턴즈","2","탐정: 리턴즈웃음코드가 식상한 영화 "
"58","오션스8","1","오션스81점도 아깝다 무한걸스를 보는 기분... "
"59","탐정: 리턴즈","10","탐정: 리턴즈오랜만에 재밌는 영화에요 "
"60","오션스8","1","오션스8무슨 뭐만하면 다 해결되어지고노잼...보다가 잘뻔.... "
"61","쥬라기 월드: 폴른 킹덤","1","쥬라기 월드: 폴른 킹덤요즘 애들 왜 이러냐? 너무 시끄럽고 영화도 새로은걸 보여주지도 않고 실망 "
"62","탐정: 리턴즈","9","탐정: 리턴즈마지막까지 완전 재밌게 봄~~ 성동일 존멋..~~ "
"63","지금 만나러 갑니다","2","지금 만나러 갑니다여주인공이 나름 매력있지만, 역시 원작의 감흥을 따라잡진 못했다. 한국화 되다 보니 보다 더 신파적으로 만들어진 것도 있고. 마지막의 해바라기밭의 영상미도 없고. "
"64","오션스8","8","오션스8걸크러쉬 다들 너무 예쁨 "
"65","오션스8","8","오션스8언니들 얼굴이 다했다. 생각보다 스토리가 구멍이 넘쳐남 "
"66","쿵푸 허슬","6","쿵푸 허슬코미디라고 해서 우습게 보면 안 된다. 무술 액션 묘사가 대단하다. CG를 잘 활용했고. "
"67","라디오 스타","10","라디오 스타떠나간 사람이 생각나요다시 돌아올 수 있을까요 "
"68","인생은 아름다워","10","인생은 아름다워주인공이 너무 허무하게 죽었다. 그렇게 버텼는데... "
"69","레디 플레이어 원","8","레디 플레이어 원순수한 재미가 있었습니다 "
"70","당갈","9","당갈음악이 정말 좋다. 당갈 당갈~ "
"71","오션스8","4","오션스8너무 재미없다. 정말 재미없다. 정말 간만에 극장에서 숙면했다. 이렇게 재미없는 영화는 정말 오랜만이었다. 반갑다 재미없는 영화야! "
"72","탐정: 리턴즈","10","탐정: 리턴즈기대이상으로 볼만했어요~자극적이지 않으면서 자연스럽고 코믹하게이야기 잘 풀어서 즐겁게 잘 봤네요 "
"73","남자와 여자","1","남자와 여자약자만 괴롭하는 대한민국 민족성! 어쩔 수 없네요.조혜련 누나가 한때 개그맨으로써 기쁨을 줬던 것은 잊었나 봅니다.사람이 살다 보면 어떻게 바른길로만 갑니까?그걸 덮어 주고, 보듬어 주는것이 진정한 것이죠.혜련 누나 힘내세요. "
"74","엣지 오브 투모로우","9","엣지 오브 투모로우수작이다 못본사람 있으면 꼭 봐라 "
"75","보스 베이비","1","보스 베이비미국아미안해 이번껀좀심햇어 "
"76","탐정: 리턴즈","10","탐정: 리턴즈간만에 영화보면서 박장대소 힐링각 짱 재밌어요 "
"77","오션스8","8","오션스8번역 빼고 최고였어요 박지훈 제발 "
"78","독전","8","독전약은  약사에게 약쟁이는 감옥으로 "
"79","밤쉘","10","밤쉘다큐멘터리인데 속도감 있더라 "
"80","플로리다 프로젝트","8","플로리다 프로젝트323호에 살고 있을 듯. "
"81","탐정: 리턴즈","10","탐정: 리턴즈요즘 광수덕에 많이웃는다 "
"82","얼리맨","9","얼리맨영화도 예술이었다는 것을 점토의 질감과 입체감으로 느꼈습니다. 특히 토끼가 너무 귀여워요♡ "
"83","쥬라기 월드: 폴른 킹덤","10","쥬라기 월드: 폴른 킹덤블루 너무 귀여워요!!! "
"84","캐리비안의 해적: 죽은 자는 말이 없다","10","캐리비안의 해적: 죽은 자는 말이 없다가면 갈수록 보기가 좋다 ㅡㅡ "
"85","쥬라기 월드: 폴른 킹덤","10","쥬라기 월드: 폴른 킹덤영화 볼때 한명도 없어서 엄청 좋음 "
"86","오션스8","2","오션스8그냥 기존 오션스의 컨셉만 따라간 영화. 진짜 개연성 하나도 없이 술술 풀려서 무슨 다큐 보는 줄. 마지막까지 뭐가 있겠지..하는 게 하나도 없이 편-안 "
"87","독전","5","독전각본이 누구인지 다시 봤다, 0.5점짜리 연출+각본에 9.5점짜리 연기 "
"88","프리즈너스","10","프리즈너스그냥 최고 명작이다 경찰과 휴잭맨의 정말 연기는 최고다 내용또한 너무 신선하고 새롭고 좋았다 내가 본영화중에 탑 3안에 든다 "
"89","그레이의 50가지 그림자","1","그레이의 50가지 그림자진짜 미친거아니냐? 이딴식으로 끝낸다고? "
"90","탐정: 리턴즈","8","탐정: 리턴즈생각없이 볼만함  광수의외로 재밋 근데9점은좀 아니지 "
"91","케이크메이커","6","케이크메이커딱....히.... "
"92","클레어의 카메라","8","클레어의 카메라자기애가 없으면 할 수 없는 행동들 "
"93","곤지암","1","곤지암이게 뭐야 도대체 뭐에서 어디에서가 무섭냐 "
"94","탐정: 리턴즈","6","탐정: 리턴즈잉? 여기 알바들 개쩌네ㅋㅋ? 누가 새벽에 이 많은 댓글들을 남겨jQuery224003348819399252534_1529270814293ㅗㅗ "
"95","탐정: 리턴즈","6","탐정: 리턴즈잉? 여기 알바들 개쩌네ㅋㅋ? 누가 새벽에 이 많은 댓글들을 남겨jQuery224003348819399252534_1529270814291ㅗㅗ "
"96","청년경찰","1","청년경찰별점 반개도 아까움... "
"97","탐정: 리턴즈","10","탐정: 리턴즈성동일이랑 권상우의 케미는 여전히 좋았고 이광수 졸라 웃김 "
"98","쥬만지: 새로운 세계","8","쥬만지: 새로운 세계스토리도 괜찮고 그래픽도 괜찮고 나름 재밌게 봤다 "
"99","존 윅 - 리로드","8","존 윅 - 리로드1편이 잘생각은 안나지만 그래도 재밌게 봤다 "
"100","탐정: 리턴즈","7","탐정: 리턴즈추리하는데에 있어서 내용은 솔직히 뻔하고 진부함그러나 예상치 못한곳에서 빵빵 터질 수 있음 "
"101","쥬라기 월드: 폴른 킹덤","8","쥬라기 월드: 폴른 킹덤쥬라기.. 시리즈 영화 특유의 스펙타클한 장면들이 압권이었음. "
"102","블랙 팬서","10","블랙 팬서최고의 영화였습미다 오아 "
"103","오션스8","8","오션스8즐거웟고 추천하고싶슺니다 "
"104","용행천하","3","용행천하지금 보기엔 엉성하다. "
"105","버닝","9","버닝볼만합니다. 이런 영화는 은근히 기억에 오래 남죠. ㅎㅎ "
"106","당신의 부탁","10","당신의 부탁임수정 배우 좋아합니다 "
"107","탐정: 리턴즈","10","탐정: 리턴즈잼있다 .볼만합니다? "
"108","기동전사 건담 디 오리진Ⅵ: 탄생 붉은 혜성","10","기동전사 건담 디 오리진Ⅵ: 탄생 붉은 혜성건담마저도 씹덕애니 취급하면 뽀로로나 타요도 씹덕애니라는걸 모르는 무개념들 ^^ "
"109","토이 스토리 3","10","토이 스토리 3시간이 흘러 다시봐도 감동? 다시 읽는 리뷰마저 감동을 주는 작품 ㅠ "
"110","탐정: 리턴즈","10","탐정: 리턴즈내용은 뻔하지만 나름 재미있어요 ㅋㅋㅋ "
"111","왓치맨","10","왓치맨잭스나이더형.... "
"112","스파이","10","스파이처음부터 끝까지 웃으면서 감상한 영화 "
"113","나이트 크롤러","9","나이트 크롤러소름끼치는 연기와 스토리 "
"114","탐정: 리턴즈","10","탐정: 리턴즈탐정1은 안 봐서 모르겠지만 이번편 정말 재밌었어요 올해 본 영화들 중에서 가장 만족했습니다 ! "
"115","붉은 가족","10","붉은 가족솔직히 누가만들건 다때려치우고 인생영화임 이런게 영화지 무슨아이돌쳐나온다고 평점좋고 흥행되고 이러니 우리나라가 이모양이지 감독욕할께아니라 영화를 보고 말해라;; "
"116","더 하우스 : 악령의 집","1","더 하우스 : 악령의 집감독은 다신 공포영화 안만들었으면 한다.. "
"117","쥬라기 월드: 폴른 킹덤","1","쥬라기 월드: 폴른 킹덤처음 별점준다 노잼에 식상함 어이없는 전개 비추 "
"118","오션스8","10","오션스8지루하지않고 호흡도 좋았다 "
"119","탐정: 리턴즈","9","탐정: 리턴즈근래 본 한국 영화들 중에서 가장 볼만했습니다 "
"120","디 엣지","10","디 엣지최고다, 나 영화보고 평점 처음써봐 "
"121","탐정: 리턴즈","10","탐정: 리턴즈진짜 살면서 본 코믹영화중에 젤 웃김 친구들이랑 가서 봣는데 다 눈물흘리면서 봄 웃겨서 ㅠㅠㅠ "
"122","스워드피쉬","10","스워드피쉬그래 이런게 바로 영화지 "
"123","유아 넥스트","8","유아 넥스트새로운 스릴러물인데요? 시간때우면서 보기좋은 B급 공포액션물입니다. 여주인공이 살인범들이랑 싸운다해서 궁금해서 봤는데 재밌었어요ㅋㅋㅋㅋ "
"124","툼레이더","8","툼레이더툼레이더는 진리다 daddy♡ "
"125","독전","2","독전재밋다고 한사람들  진짜이해불가 시간내서 밧더니  대실망  보는내내 지루하고하품관람료가 아깝단생각 "
"126","러브, 비하인드","10","러브, 비하인드현실적인 영화. 사랑. 결혼. 오해. 책임. "
"127","티파니에서 아침을","10","티파니에서 아침을영화의 ost 가사처럼 이제 막 강을 건너는 두 사람이, 영원하고 모든 것을 걸만큼 가치있는 사랑은 없고, 삶을 그저 살아내는 것이라고, 마음의 문을 닫아버리려 했던 내 자신에게 끊임없는 초인종으로 노크한다. 달을 보러 강을 건너자고. "
"128","다크 나이트 라이즈","10","다크 나이트 라이즈배트맨시리즈에 존경을 표합니다 "
"129","오션스8","1","오션스8레알루 캐스팅 아까운 영화 "
"130","기동전사 건담 디 오리진Ⅵ: 탄생 붉은 혜성","10","기동전사 건담 디 오리진Ⅵ: 탄생 붉은 혜성이 애니의 감독 이마니시 타카시는 건담0083스타더스트 메모리의 감독이고 총감독 야스히코 요시카즈는 80년대를 풍미한 비너스 전기의 감독이지.무슨 말이 더 필요함?눈이 있으면 보라.뉴건담극장판 역습의샤아 개봉때 샤아 죽었다고 자살한 일본가시나들 불쌍타 "
"131","마이펫의 이중생활","10","마이펫의 이중생활애완견 맥스도 유기견 듀크도 귀엽고 사랑스럽기 그지없는 애니.특히 토끼 스노우 볼은  정말 요절복통 자지러짐.80년대일본산 애니들 말고,근래 이렇게 재밌게 본 애니가 또 있나 싶다.그대 아무 생각없이 걱정 근심은 집어치우고 마음껏 웃고 싶다면 꼭 보라 "
"132","세븐 싸이코패스","10","세븐 싸이코패스시나리오 자체가 문학 작품에 가까운 영화.인생에 대한 온갖 은유와 비유&상징으로 가득차 있다.자기들이 써내려 가는 시나리오와 현실을 맞추어가는 괴짜들의 좌충우돌 돌발상황극.베트남전에 대한 은유에 가까운 월남 승려에 대한 에피소드는 정말 감탄을 금치못함 "
"133","순수의 시대","8","순수의 시대그림을 그대로 옮긴듯한 화면에 눈이 호강하지만 영화는 그냥 볼만한 정도. 스콜세지 연출답게 일일이 설명하는데 이 영화에서는 그리 장황하진 않다. "
"134","엔테베 작전","3","엔테베 작전중간중간 무슨    공연같은   개 오글거림 "
"135","황해","8","황해나홍진감독 그리고 하정우 김윤석의 OOO기 이런조합을 또볼수있을까? "
"136","50가지 그림자: 해방","9","50가지 그림자: 해방초중반엔 못봐줄정도로 지루했지만 마지막에 각양각색 불꽃처럼 모든것을 터트렸다. 1,2편 장면이 잠깐 나올때 BGM선정도 신의한수였고 감동있는 해피엔딩 그리고 색다른 매력의 로맨스까지 3박자 골구로 믹스된 완성도 매우 높은 작품이라고 할 수 있겠다. "
"137","오션스8","10","오션스8아주 재밌습니다 간만에 영화관을 나오면서 흡족한 미소를 지을 수 있었던 "
"138","스노든","10","스노든현대판 JFK 보는 기분....올리버 스톤의 매력은 바로 이런것이지. "
"139","곡성(哭聲)","10","곡성(哭聲)나홍진감독의 가장 완벽한 영화.다음작품을 기다리게 만드는 힘! 어디하나 나무랄 장면이 없다. "
"140","바람이 분다","8","바람이 분다사실 이 영화는 저주받은 꿈에 대한 이야기이다. 좀 더 들여다 보면 이 영화가 비행기의 아름다움과 파괴성에 대해, 전쟁의 결과에 대해 어떻게 말하는 지 알 수 있을텐데... "
"141","한공주","10","한공주지금 가해자들이 아무렇지 않게 평범하게 살아가는 한아이의 아빠 한여자의 남편 이라는 사실이 너무 소름끼친다 "
"142","붉은 돼지","9","붉은 돼지마르코와 피오의 매력. 그리고 음악, 낭만. "
"143","쥬라기 월드: 폴른 킹덤","10","쥬라기 월드: 폴른 킹덤좋은 영화관 가서 영화봐라 "
"144","친절한 금자씨","10","친절한 금자씨이 영화를 30살이 넘어서야 처음으로 보게 되었다는게 다행으로 느껴집니다. 살인범을 첫 대면한 순간 머리칼을 잘라내는 연기와 그 눈빛은.. 정말이지 소름돋는 연출과 연기였습니다 "
"145","버닝","1","버닝웬만한 영화보고 만족하는데 최악이였다.만원이라는 돈이 아까울정도 유아인 나온다해서 기대했는데 돌아오는건 실망뿐 스토리도 별로. "
"146","외박: 친구의 여자","4","외박: 친구의 여자남자 주인공의 친구 진짜 잘 생겼다. 19금 보다는 코미디의 느낌이 강하다. "
"147","탐정: 리턴즈","10","탐정: 리턴즈돈값하는 재밌는 영화입니다! "
"148","탐정: 리턴즈","10","탐정: 리턴즈완전 재밌어요 1편보다 재밌고 기대이상이에요  시간가느줄모르고본듯ㅋ광수 진짜웃김ㅋ "
"149","오션스8","8","오션스8심심하다 하기엔 꽤 꽉차있는 수작. 주연들의 걸크와 동시에 느낄수있는 유쾌한 트릭의 향연. 범죄물이지만 후달리는 반전 걱정없이 속편히 볼수있는건 장점이자 단점. 너무 술술풀리는 갈등을 비난하기엔 분위기가너무 유쾌하다. 걸크와 헤서웨이 미모를 즐기자. "
"150","폰 부스","10","폰 부스이영화가 15년이나 됐다니 정말 재미나게 잘 봤었던 기억이 "
"151","탐정: 리턴즈","8","탐정: 리턴즈기대안하고봐서 그런지 재밌게봤어요~ "
"152","퀸카가 아니어도 좋아","10","퀸카가 아니어도 좋아재밌다 요근래 본 하이틴 영화중 가장 재밌음 "
"153","탐정: 리턴즈","10","탐정: 리턴즈넘 재밌개 잘봤어요 ㅎㅎ "
"154","나를 기억해","1","나를 기억해거지깽깽이같다 이 영화를 끝까지 다 본 내 시간이 아까움 영화 리뷰 처음달아본다 기대가 컸던만큼 실망함 "
"155","검은 물 밑에서","10","검은 물 밑에서음악적 효과가 최고의 영화중 하나. "
"156","쥬라기 월드: 폴른 킹덤","7","쥬라기 월드: 폴른 킹덤그럭저럭 생각없이 볼만한 영화 "
"157","더 리치","2","더 리치제레미어바인잘생김+사막 멋있다 딱 두개 말곤 레알더럽게도 지루함 "
"158","셔터 아일랜드","10","셔터 아일랜드아내한테 잘해라. 혼자서 애 셋키우면 진짜 돌아버리는거다. 모두 죽는거다. ㅡㅡ 그니까 무조건 아내에게 잘해라. 아내를 사랑해주고. 집안일도 돕고 애도 같이 키우는거다. 이게 교훈이다. "
"159","월요일이 사라졌다","10","월요일이 사라졌다자매끼리 돕는 거 너무 멋있습니다.결말 정말 마음에 들어요.다시 보고 싶네요. "
"160","김씨 표류기","10","김씨 표류기9년이 지난 영화임에도 변하지 않은 대한민국의 어두운 부분을 반영한다는게 슬퍼지는 영화네요 "
"161","쥬라기 월드: 폴른 킹덤","8","쥬라기 월드: 폴른 킹덤감동은 없지만 재미있음 애들은 집중함... "
"162","쥬라기 월드: 폴른 킹덤","1","쥬라기 월드: 폴른 킹덤지루하고 재미없다.. "
"163","개 같은 내 인생","10","개 같은 내 인생17일 이대에 있는 아트하우스 모모에서 마지막 상영하는 것을 운 좋게 보게됐다. 어린 아이의 순수함과 엉뚱함, 호기심 등을 가식없이 보여주는 영화. 필름 카메라로 촬영해 지금의 디지털 카메라로 찍은 영화와 다르게 감성을 자극한다. 내숭없는 성장드라마. "
"164","버닝","1","버닝점수 0점은없나 뭘전달하고자하는지 하나도모르겟네 1점주기도아까운영화다 "
"165","당갈","10","당갈최고! 연기 짱! 감동!! 믿고보는 배우 아미르칸 ! 꼭 보세요 "
"166","인시디어스","3","인시디어스초중반까지 분위기 잘 이끌어가다가 후반부에 길을 잃어버린 영화. 결말은 매우 매력적이다. "
"167","탐정: 리턴즈","10","탐정: 리턴즈재밌어요오오오ㅗㅇ오 "
"168","트루스 오어 데어","8","트루스 오어 데어올해 첫 공포영화 존잼짱 "
"169","테일 오브 테일즈","1","테일 오브 테일즈못생기면 끝까지 사랑해도 죽어야 하는 영화. 도와준애들도 불쌍하다. 딸 건내준 왕도 사이코패스같고 에피소드 마무리가 다 구리다 "
"170","오션스8","10","오션스8눈찌푸려지는 장면 하나도 없이 시간가는줄도모르고 진짜.. 사랑에 빠져서 큰일났어요... 루한테 인생휘둘려서 엉망진창으로 살고싶다 케이트 진짜 너무사랑해애애애애!!!! 이런영화 앞으로도 많이 나왔으면좋겠어요 또보러갈것입니다 "
"171","첩혈쌍웅 2 - 첩혈속집","8","첩혈쌍웅 2 - 첩혈속집영웅본색만큼은 아니지만 액션으로서 전혀 손색이없는 수작 "
"172","조선명탐정: 흡혈괴마의 비밀","4","조선명탐정: 흡혈괴마의 비밀A급 배우들이 출연하는 B급 영화 "
"173","사랑할 때 이야기하는 것들","8","사랑할 때 이야기하는 것들어렸을 때, 외국에 계시던 아버지와 전화를 할 때 항상 울었던 것 같다. 한국에 오실 때마다 선물을 한가득 가져오시던 아버지가 모든 문제를 해결해 주시길 바라는 마음이었던 것 같다. 나는 아직도 내가 행복해질 수 있을 거라고 생각한다. "
"174","모아나","10","모아나오랜만에 다시 봤는데 여전히 재밌군요 "
"175","유전","7","유전왜 제목 오역에 대한 이야기는 없을까... 내용 보면 '세습'인데 "
"176","대니쉬 걸","10","대니쉬 걸Let it fly... "
"177","트루스 오어 데어","2","트루스 오어 데어내 인생에서 본 공포영화 중 제일 별로였음 "
"178","데드풀 2","10","데드풀 2보는 내내 너무 재미있었고, 액션도 좋았다 "
"179","오션스8","2","오션스8라인업 포스터 봤지? 끝내주지? 그게 이영화의 전부야 "
"180","쥬라기 월드: 폴른 킹덤","5","쥬라기 월드: 폴른 킹덤후안 감독영화는 전부다 지루하고  극본이 개망~ 남주빼곤 섭외도 개망 "
"181","쥬라기 월드: 폴른 킹덤","10","쥬라기 월드: 폴른 킹덤오늘 졸린 상태로 오전에 봤는데 졸림 싹 날아갈정도로 존잼이였음갓블루 "
"182","크로우즈 제로","10","크로우즈 제로세리자와 개멋있다 재탕할땐 딴거 다 스킵하고 세리자와부분만 본다 분위기 미침; 야마다타카유키 얼굴도 키도 전혀 취향아닌데 연기하는 캐릭마다 심하게 매력적이라 신기.. 어떻게 그 단점을 다 연기로 커버하지 인생캐릭때문에 평점 높게주고감 영화는 중상정도 "
"183","쥬라기 월드: 폴른 킹덤","8","쥬라기 월드: 폴른 킹덤재밌습니다. 어두워요 "
"184","쥬라기 월드: 폴른 킹덤","10","쥬라기 월드: 폴른 킹덤맘충이랑 애기들때문에 심야영화로 보고왔는데 재밌네요. 근데 쿠키영상 진짜 늦게틀어줌... "
"185","파운더","10","파운더사기꾼이라고 말하기엔, 그가 이뤄낸 지금의 맥도날드가 너무 대단하네요. 어느 누가 이렇게 이뤄낼 수 있었을까요. 아이디어와 이름을 지은 맥,딕 형제의 천재성도 박수 받아야 마땅하지만, 그것만으로는 지금의 맥도날드를 이루지 못했을 겁니다. 잘 봤습니다. "
"186","쥬라기 월드: 폴른 킹덤","10","쥬라기 월드: 폴른 킹덤여자주인공 이쁨 재밌어요 "
"187","블랙 쉐도우","2","블랙 쉐도우몰입을 방해하는 엉성한 상황 연출 "
"188","탐정: 리턴즈","10","탐정: 리턴즈재밌어요ㅎ 시간 금방가고 코믹해용 "
"189","오션스8","10","오션스8번역 무엇...? 하지만 말이 필요 없는 영화. 여윽시 여자들끼리 해 먹는게 제일 재밌어 *^^* "
"190","극장판 포켓몬스터DP - 디아루가 VS 펄기아 VS 다크라이","8","극장판 포켓몬스터DP - 디아루가 VS 펄기아 VS 다크라이암만 생각해도 dp때가  전성기였던것같다... 추억돋음.. "
"191","체포왕","10","체포왕고주연 진짜 연기 개잘함 진짜 대박이다 "
"192","탐정: 리턴즈","10","탐정: 리턴즈엄청 재밌게 봤어요!! "
"193","쇼생크 탈출","10","쇼생크 탈출내 자식들한테 보여주고 반응이 궁금한 영화 "
"194","위대한 쇼맨","4","위대한 쇼맨바넘 미화그런거 다떠나서 그냥 유치의끝에 재미가없음노래가 다해먹네 영화볼시간에 그냥 유튭가서 노래두곡 듣는게 나을듯 "
"195","쥬라기 월드: 폴른 킹덤","7","쥬라기 월드: 폴른 킹덤생각보다 괜찮았어요 ㅋㅋ "
"196","오션스8","10","오션스8박지훈의 자막 빼면 완벽ㅜㅜ앤 연기 너무 좋고요 "
"197","아이 필 프리티","10","아이 필 프리티자존감 업되는 영화. 여성분들 보세요 "
"198","오션스 일레븐","6","오션스 일레븐한 탕 거하게 하고 벨라지오 분수쇼를 구경하는 맛이란. 마무리를 찝찝하게 한 게 아쉽네. "
"199","탐정: 리턴즈","10","탐정: 리턴즈재밌음!!!3편 나왔음 좋겠다 ㅋㅋ "
"200","불한당: 나쁜 놈들의 세상","10","불한당: 나쁜 놈들의 세상영화자체만 평가한다 8.5정도 주고싶은데 영화보지도 않고 1점주는애들 때매 10점준다 "
"201","탐정: 리턴즈","1","탐정: 리턴즈시사회 갔었는데 피곤해서 그런지 한번도 웃지 않았음 평점 낮을 줄 알았는데.. "
"202","벤자민 버튼의 시간은 거꾸로 간다","10","벤자민 버튼의 시간은 거꾸로 간다아 벤자민 벤자민 벤자밋 "
"203","오션스8","10","오션스8다크네 조녜 .. 최고다 "
"204","탐정: 리턴즈","10","탐정: 리턴즈정말 재미있게 봤습니당 ㅎ ㅎ "
"205","빅 히어로","10","빅 히어로사랑스러움 그자체 친구간의 사랑이 뭔지 알려준  영화 "
"206","버진 스노우","5","버진 스노우영상은 이뻤고 내용은 뭥미?스러움. 안봐도 그만인 영화. 그지같은 내용을 열심히도 설명하고있네 "
"207","레디 플레이어 원","1","레디 플레이어 원세련되게 촌스러움을 표현한게 아니라 그냥 후진영화 "
"208","쥬라기 월드: 폴른 킹덤","3","쥬라기 월드: 폴른 킹덤'""'""'""'""'"" "
"209","더 폰","1","더 폰희대의 쓰레기,, 양심없이 댓글다는 알바들때매 평점 올려놨지만 10점과 거의 같은 수준의 1점을 보면 알수있다. "
"210","클래식","10","클래식최애영화 10번을 봐도 질리지 않음 영상미 음악 시나리오 배우들 다 맘에 든다 이 새벽 또 생각나네 올레에 없어져서 아쉬움 "
"211","쥬라기 월드: 폴른 킹덤","8","쥬라기 월드: 폴른 킹덤재밌었는데 영화관에 아이들이 너무 많아서 조금 시끄러웠어요 "
"212","히달고","10","히달고의외로 말 눈빛에서 모든게 다 나온다.ㅋㅋㅋ 말 귀여움.ㅋ "
"213","박열","10","박열바로 밑에 댓글 뭐라고 씨부리냐ㅋㅋ깽판? 일제시대에 태어났으면 친일파 앞잡이 매국노 됐을 X. "
"214","오션스8","6","오션스8광명롯시] 개성다른 패거리가 계획 100% 맞아 떨어지는 도둑질 한번으로 인생피는 너무 낡은 컨셉의 영화! 멀건 사골 느낌 영화라 신선함도 긴장감도 대리만족도 없었다. 또, 산드라 블록은 머리카락 길이만 다른 듯 마이클 잭슨이랑 너무 닮아서 신기했다. "
"215","오션스8","10","오션스8저는 캐스팅만으로도 눈호강ㅠ여자분들이 특히 좋아할만한 영화이것 같아요배우들 캐릭터나 의상만 봐도 눈호강이엇어요특히 캐이트ㅠ 의상땜에 다시보러갈 삘ㅋㅋ스토리나 긴장감잇는 전개를 너무 기대하시면 실망하실수 잇어용 주의요망ㅋ "
"216","시카리오: 암살자의 도시","9","시카리오: 암살자의 도시여자 발암이라서 1점 깎음 "
"217","레드 스패로","6","레드 스패로허술하긴한데 볼만함. "
"218","그날, 바다","1","그날, 바다믿고 싶은것만 믿는 감성이 뇌를 지배하신 분들의 영화ㅋㅋ "
"219","마징가 Z: 인피니티","9","마징가 Z: 인피니티그 시절의 향수를 깨지 않으면서도 적당히 화려해지고 적당히 세련되어졌다. 전투씬액션 풍부하고 전 인류가 하나되는 뭉클하고 장엄한 전쟁. "
"220","정글","8","정글실화 라는점 에서 게임끝 "
"221","오션스8","5","오션스8예고편을 110분으로 늘린 느낌 "
"222","탐정: 리턴즈","10","탐정: 리턴즈올해들어 처음으로 크게 웃었습니다참웃을일이 없었던 올해였는데 이광수 넘 감사해요 성동일권상우이광수 케미쩔어요 감사합니다 돈이 하나도 아깝지않네여 "
"223","덕혜옹주","1","덕혜옹주만든 새끼나 돈 준다고 좋다고 연기한 새끼나 재밌다고 쳐보는 새끼들이나 다 동급이다 하늘에 계신 독립투사들이 이딴 왜곡영화 보시면 뭐라고 하실까? 감독,배우,제작사 평생을 부끄러워할 일이다 민비나 일본에 붙어 호의호식한 덕혜옹주나 다를게 없다 "
"224","탐정: 리턴즈","10","탐정: 리턴즈너무 재미있었어요~~오랫만에 소리내어 크게 웃었어요~웃게해줘서 고마워요^^ "
"225","오션스8","10","오션스8다들 너무 멋지고 존잼임ㅠ "
"226","엔테베 작전","1","엔테베 작전유대인들이 지금 팔레스타인에서 하고 있는 짓거리에 대한 면죄부는 될 수 없다. "
"227","신들의 전쟁","8","신들의 전쟁잼씀! 캐릭터들이 다들 너무 멋짐!비주얼좋고 "
"228","1987","10","1987가슴이 먹먹해지는 역사 "
"229","쥬라기 월드: 폴른 킹덤","8","쥬라기 월드: 폴른 킹덤아이들이 이전 시리즈보다 더 재미있고 깜짝깜짝   놀라는 긴장감에 다시 보고 싶다고한다 "
"230","은혼","8","은혼만화를 생각하지 말고 보면 나름 재미가 있다. "
"231","류이치 사카모토: 코다","7","류이치 사카모토: 코다재미있게 봤어요. 피아노 너무 좋았습니다. "
"232","오직 그대만","10","오직 그대만딩가 연기도 완전 짱....!!!! 어쩜 저렇게 잘 하지ㅜㅜ 똑똑해요 완전ㅠㅠ "
"233","쓰리 빌보드","8","쓰리 빌보드스토리 연출이런거 모르는데 그냥 보면서재밌었다 그게다가아닌가? "
"234","탐정: 리턴즈","8","탐정: 리턴즈처음에는 살짝 지루하다가  뒤에 웃겨요 "
"235","쥬라기 월드: 폴른 킹덤","10","쥬라기 월드: 폴른 킹덤쥬라기 월드: 폴른 킹덤 한번 쯤 보는 걸 추천드립니다! 그리고 저는 쥬라기 월드 강팬입니다!! 쥬라기 월드 잘 대길바람니다!!^^ ♡.♡ "
"236","탐정: 리턴즈","8","탐정: 리턴즈생각보다 잼났어요ㅎㅎ "
"237","탐정: 리턴즈","10","탐정: 리턴즈이거 재밋다고 한사람 누구랴...소재는재밋었다 근데 뭐 재미는 쏘쏘 "
"238","버닝","9","버닝얼마나 많은 호평과 각각의 해석들이 있을지 기대하고 들어왔는데 지루하다, 재미없다, 예술적 감각이 있는사람만 보라는 댓글들이 수두룩.. 뜻하지 않게 예술적 감각이 있는 사람이 되었다.전종서 연기를(특히 시선처리..)  제외하고 만점 주고싶은 영화. "
"239","탐정: 리턴즈","10","탐정: 리턴즈이광수가 너무 웃겨요 이광수가 살린 영화! "
"240","오션스8","2","오션스8영화보다가 핸드폰으로 축구볼뻔... "
"241","탐정: 리턴즈","10","탐정: 리턴즈1편은 스릴잇고 진짜 탐정같은 느낌이엇다면이번은...그냥 존잼.핵존잼.띵잼웃느라 정신없음. 보기싫다는 남친 끌고갓다가1편까지 정복함. "
"242","탐정: 리턴즈","10","탐정: 리턴즈잼납니다요 하하하 배꼽빠져 "
"243","탐정: 리턴즈","10","탐정: 리턴즈보는내내 지루하지 않았어요. 스토리 코믹 작품 모두 만점 "
"244","아이 필 프리티","9","아이 필 프리티뻔한 스토리였지만 보고나서 자존감에 대해 생각해보는 좋은 영화였습니다. 내가 생각하기에 따라 내 인생도 달라진다는 걸 다시 한번 깨우치게 해주는 영화여서 월요일 시작을 당당하게 할수 있을 것 같아요! "
"245","독전","10","독전재밌고  심각하고  슬프고 재밌고 약간징그럽고 지루하지않은  영화!! "
"246","오션스8","10","오션스8멋진 언니들ㅠㅠ스토리의 긴장감은 11이 최고였지만, 멋진 언니들 나오는 것만으로도 유쾌하고 재밌어요! 스토리의 갈등구조를 별로 즐기지 않는 사람이라면 더 편안하게 볼 수 있는 듯 하네요! "
"247","쥬라기 월드: 폴른 킹덤","8","쥬라기 월드: 폴른 킹덤짱~재밌었다 블루 넘~귀여워 "
"248","오션스8","8","오션스8뻔한스토리지만 재밌다!! "
"249","쥬라기 월드: 폴른 킹덤","9","쥬라기 월드: 폴른 킹덤재밌게 잘봤습니다 지인들에게 추천 하고 싶네요 "
"250","탐정: 리턴즈","8","탐정: 리턴즈넘무 재밌게 봤어요 오랜만에 영화 제대루 좀 "
"251","오션스8","8","오션스8앤헤서웨이가 하드캐리!!! "
"252","조선명탐정: 흡혈괴마의 비밀","10","조선명탐정: 흡혈괴마의 비밀저는 재미있게 봤습니다.본인이쓴   글한줄에어떤분들이  마음에상처을받아  괴로워할수도 있다 는생각을 먼저하셔서 신중한맘으로  글을써주시는게  본인도 맘이편하지 않을까요?왜냐하면  말 과글은 잘못사용하면  무서운무기가될수있는 물건이나 마찬가지니까요. "
"253","사일런트 힐","7","사일런트 힐중간에 조금 엉성하고 유치한 감이 있다게임했던 사람들은 좋아하겠지 "
"254","탐정: 리턴즈","10","탐정: 리턴즈아 이광수 욕하는거 쓰러질뻔 ㅋ "
"255","오션스8","10","오션스8진짜  짱짱몰입해서잘봣어요 배우들 다 넘좋음ㅎ "
"256","탐정: 리턴즈","10","탐정: 리턴즈진짜 너무 재밌게봤어요 ㅋㅋㅋ 후반이 너무 웃겻음ㅋㅌㅌ "
"257","스테이트 오브 플레이","8","스테이트 오브 플레이8점은 충분히 줘야할 영화. 반전은 사실 생각지 못했는데 반전까지.. 처음부터 끝까지 몰입해서 봤다. "
"258","헤이트풀8","8","헤이트풀8말많은 서부,액션,스릴러~ "
"259","나의 소녀시대","10","나의 소녀시대이건 띵작이에요 벤츠를 놓치지 맙시다 타이밍이 중요해 "
"260","탐정: 리턴즈","8","탐정: 리턴즈생각없이즐기기좋은영화 광수잼 "
"261","탐정: 리턴즈","8","탐정: 리턴즈이번편은 이광수가 다했네^^ "
"262","오션스8","10","오션스8올해 본 영화중에 제일 재밌음! "
"263","어벤져스: 인피니티 워","9","어벤져스: 인피니티 워먼가,,,ㅎㅎ아., "
"264","이유없는 반항","9","이유없는 반항이유 있자너가죽 재킷, 셀비지, 엔지니어부츠 그거면 됐자너 "
"265","버닝","7","버닝하도 혹평이 많아서 기대 없이 봤는데 생각보다는 괜찮았네요. 낡고 흉한 비닐하우스를 태운다는 부분에서 많은 생각을 하게 되더군요. "
"266","보이후드","8","보이후드3시간 안되는 러닝타임이 물흐르듯 지나가듯이, 기나긴 촬영기간이 한편의 영화가 되었고 내 인생도 영화가 될 수 있음을 느꼈다 "
"267","쥬라기 월드: 폴른 킹덤","9","쥬라기 월드: 폴른 킹덤4dx로 보기 딱 좋은 블록버스터 영화. 크리스 프랫의 존재감이 정말 크고 마지막까지 긴장감을 놓을 수 없다. 결말까지도 놀라움을 금할 수 없는 속편을 기대하게 만드는 작품이다. "
"268","매드맥스: 분노의 도로","10","매드맥스: 분노의 도로다보고 난 후 목이 칼칼하다!!! "
"269","루킹 글라스","4","루킹 글라스결말은 허접하당;;; "
"270","오션스8","5","오션스8긴장감도 없고 시원하지도 않고.. 앤 해서웨이의 매력만 제대로 확인시켜준 영화임 "
"271","배트맨 비긴즈","10","배트맨 비긴즈영웅들중에 배트맨이 제일 좋음고독한 영웅 . 억지스럽지않은 영웅.  비긴즈는 정말 최고 "
"272","보안관","6","보안관유치하지만..재밌다!!!가볍게 보이소~ "
"273","탐정: 리턴즈","10","탐정: 리턴즈재밋엇어요 가벼운마음으로 가서 보세요 "
"274","탐정: 리턴즈","10","탐정: 리턴즈광수ㅋㅋㅋㅋ삼천만원!!! "
"275","오션스8","10","오션스8일단 내용 존잼^^ 그흔한 폭력성이나 비하 없이도 끝까지 재밌었음당^^7 "
"276","탐정: 리턴즈","10","탐정: 리턴즈우리나라 영화중에서 이렇게 웃기면서 스토리좋은 영화 없었덩것 같아요. 아무생각없이 예매했는데 너무 좋은 시간이었습니다 "
"277","쓰리 데이즈","10","쓰리 데이즈완전 응원하면서 봄....남편 멋져 "
"278","언더 워터","10","언더 워터여태본 상어영화중 제일 긴장감있게잘 연출한듯 "
"279","탐정: 리턴즈","6","탐정: 리턴즈엄청재미잇진않지...ㅡㅡ그저그런데 좀타이밍이좋음억지웃음만아니었어도참좋았을텐데좀아쉽 "
"280","슬립리스: 크리미널 나이트","4","슬립리스: 크리미널 나이트스토리, 캐릭터는 물론 액션조차도 다른 범죄 액션 영화에서 다 봤음직한 것들이다. 짧은 러닝 타임도 버티기에는 쉽지 않고, 여러 배우들도 낭비되었다. "
"281","퍼스트 어벤져","7","퍼스트 어벤져B급 감성을 표방하는 히어로물로 상영 당시에는 실패했으나, 어느새 세계 영화계를 접수한 마블 시리즈의 초기작으로서 마블 팬들로부터 재평가 받고 있다. 블럭버스터면서도 깨알 유머를 선사하는 마블 특유의 감성이 느껴지지 않고 스토리와 액션도 유치하다 "
"282","아토믹 블론드","6","아토믹 블론드주인공의 액션 장면들은 나올 때마다 감탄을 자아내고, 특히 롱테이크 액션 장면은 끝내주게 재밌다. 하지만 그 외적인 요소들은 생각만큼 몰입되진 않는다. "
"283","탐정: 리턴즈","10","탐정: 리턴즈이광수 하드캐리입니다 "
"284","레드 스패로","10","레드 스패로잼있게 잘봤어요 간만에 잼있는영화였던듯 "
"285","탐정: 리턴즈","10","탐정: 리턴즈존잼이다. 짖짜 너무 재밋어요 "
"286","굿 윌 헌팅","10","굿 윌 헌팅It's not your fault "
"287","탐정: 리턴즈","10","탐정: 리턴즈역시 믿고 보는 탐정보고 나오면서 이건 100편까지 나와도 다 본다 했는데 그전에 성동일 죽을걸? 이라는 대답을 들었닿 근데 진짜 시리즈로 쭉쭉 나왔으면 좋겠다쭉쭉 흥행하길?(*´?`*)?♡ "
"288","탐정: 리턴즈","10","탐정: 리턴즈꿀잼이에요꼭보세요ㅎ "
"289","범죄도시","10","범죄도시최고다 말로는 표현 못하겠다ㅋㅋㅋ "
"290","레전드","4","레전드그래서 어쩌라고? 란 물음만 남겼다. 톰하디의 1인2역이 완벽했다는것 외에는 남는것이없다. 와이프 강간에 폭력에.. 쓰레기 형제에게 놀아난 여자는 왜 계속 나레이션을 까는지 모르겠고.. "
"291","와일드","10","와일드흘러보냈던 시간들이 얼마나 야생인가... "
"292","트랜스포머","8","트랜스포머이것이 진짜였다.... "
"293","탐정: 리턴즈","10","탐정: 리턴즈실컷 웃었어요. 감사합니다. "
"294","소수의견","8","소수의견배우들 연기력 정말 완벽하네.. 빈틈없는 영화.. 다만 예상하기 쉬운 스토리로 조금은 나른하게한다.. "
"295","탐정: 리턴즈","10","탐정: 리턴즈기대안하고봤는데  정말 기대이상~~지루할틈이없네요 "
"296","이웃사람","9","이웃사람이렇게 찌질한 살인자라니. "
"297","유전","1","유전진짜 말도안된다 이건 대체 뭐지? 솔직히 배우가 먹여 살리는  영화....파이몬의 등장도 갑작스럽고...차라리 죽은 찰리의 혼이 가족을 괴롭힌다는 흔해빠진 플롯을 잡는게 몇배는 나았을듯; "
"298","오션스8","8","오션스8라인업은 최고 번역은 최악오션스에 매번 비슷한 반전은 아쉬움 "
"299","탐정: 리턴즈","10","탐정: 리턴즈꿀잼ㅜㅋ 아 진짜 계속해주세요 탐정 시리즈 광수껴서!!ㅋㅋㅋㅋ "
"300","굿바이 레닌","10","굿바이 레닌오랜만에 재밌는 영화를 봤습니다. "
"301","오션스8","6","오션스8방금 봤다. 돈은 아깝지 않다. 그러나 스토리가 뻔하고 전개가 느렸으며 상황 설명으로 캐릭터른ㆍ 살리지 못해 영화의 맛이 떨어진다. 배우가 아깝다라고 표현하는 게 맞을 듯. "
"302","유전","9","유전온몸에 소름이 돋았다... 왜 이게 재미없단건지 ..? "
"303","바람 바람 바람","10","바람 바람 바람진짜 기대 안하고 봤다가 재미있어서 깜짝 놀랐음 "
"304","프리즌","8","프리즌킬링타임용. 딱히 남는 건 없는 듯. 나쁘진 않다. "
"305","가시","10","가시조보아 연기력과 매력에 10점 영화도 무섭고 재미있음 "
"306","오션스8","8","오션스8시원한 걸크러쉬영화에요 즐겁게 봤어요 "
"307","탐정: 리턴즈","10","탐정: 리턴즈기대안하고봤는데 2시간내내 웃다가 나온영화,, 넘재밌어요 다들 연기 짱 "
"308","50/50","7","50/50암 걸린게 행운이네 ㅋㅋ "
"309","쥬라기 월드: 폴른 킹덤","2","쥬라기 월드: 폴른 킹덤무슨메세지를 주고싶은걸까 "
"310","어벤져스: 인피니티 워","10","어벤져스: 인피니티 워진짜 기대 안하고 봤다가 재미있어서 깜짝 놀랐음 "
"311","오션스8","10","오션스8개존잼 ㅠㅠ 역대 시리즈중에 제일 재밌었음 "
"312","피터 래빗","10","피터 래빗진짜 기대 안하고 봤다가 재미있어서 깜짝 놀랐음 "
"313","쥬만지: 새로운 세계","10","쥬만지: 새로운 세계쥬만지 상영한지 몰랐어요 이렇게 재밌는데 왜이제서야 알았을까요 어렸을적 쥬만지 재밌게 봤던 기억이 있는데 역시나 너무 재밌네요 영화관에서 못 본게 너무 아쉽네요ㅠㅠ "
"314","오션스8","10","오션스8진짜 별점도 10개도 부족하다 "
"315","바벨","5","바벨전반적으로 영화가 지루함 "
"316","데드풀 2","10","데드풀 2진짜 기대 안하고 봤다가 재미있어서 깜짝 놀랐음 "
"317","아이 필 프리티","10","아이 필 프리티힐링 영화입니다 재미있습니당!! "
"318","탐정: 리턴즈","10","탐정: 리턴즈완전 꿀잼~!! 연기도 잘하고. 즐겁게 보고왔네요~^^ "
"319","오션스8","10","오션스8시간 정말 금방가네요 스토리 기대하고 보는 영화아니지만 나름 재밌게봤네요ㅋㅋ "
"320","사랑할 때 이야기하는 것들","10","사랑할 때 이야기하는 것들따뜻한 영화를 오랫만에 만났다. 그땐 왜 몰랐을까? 이렇게 좋은 영화를. 8월의 크리스마스랑 비슷한 느낌도 들고 뭔가 현실적이고 인간적이고 배려해주는 예쁜 사랑. 강추~ "
"321","오션스8","6","오션스8가볍게 보기 좋네요. 연기도 미모도 앤 헤서웨이 정말 매력 넘쳐요. "
"322","탐정: 리턴즈","10","탐정: 리턴즈충분히 꿀잼 영화입니다. 최고최고 "
"323","나는 내일, 어제의 너와 만난다","10","나는 내일, 어제의 너와 만난다최고의영화다 진짜!!! "
"324","오션스8","10","오션스8이렇게 멋있을수가없다 크으 "
"325","탐정: 리턴즈","10","탐정: 리턴즈진짜 기대 안하고 봤다가 재미있어서 깜짝 놀랐음 "
"326","아브릴과 조작된 세계","8","아브릴과 조작된 세계세계관과 시각적 연출은 흥미롭지만 캐릭터는 다소 진부하게 느껴졌다. "
"327","신세계","10","신세계티비에서 가끔 보여주면 보고또보고 안질려 "
"328","탐정: 리턴즈","4","탐정: 리턴즈평점보고 봤다가 후회함 "
"329","보통사람","10","보통사람군사정권하에서 모든걸 잃었을 사람들을 생각하니 가슴이 먹먹해진다 "
"330","저스트 프렌드","10","저스트 프렌드간만에 실컷 웃었네요 ㅎㅎㅎ "
"331","탐정: 리턴즈","10","탐정: 리턴즈개봉전시사회로보고 또보고싶은 영화!!! 영화관안사람들모두가 박수치며 웃으며 본 영화입니다 꼭보세요!! "
"332","오션스8","1","오션스8진심 별 한개도 아까움..이런 배우들 가지고 이렇게 허술한 영화를 만들다니..여자화장실이라고 경호원 안들어가는거 보고 진심 절레절레 해결하기 힘든것들은 이런 21세기 기술이 있어 똭!!그러면 끝ㅋㅋㅋㅋ너무 돈 아깝다.. "
"333","오션스8","10","오션스8박지훈의 번역 때문에 별점을 망치지 말아주세요. 영화는 너무 훌륭함 라인업, 연기는 말할 것도 없고 여태 즐기던 넘치던 여성혐오적 시선, 자극적 폭력 없이도 재밌는 영화를 만들 수 있다는 것을 보여준 예, 결론적으로 케이트 블란쳇이 잘생겼다. "
"334","군도:민란의 시대","8","군도:민란의 시대강동원 액션이 볼 만함. 사람들이 소드마스터래. 캐릭터 설정은 좋았지만 결말 부분에서 개연성이 너무 없음. "
"335","오션스8","1","오션스8아니 진짜 이게 재밌어요...? 진심 심각하게 노잼인데얼마받고 재밌다고들 쓰는지... "
"336","쥬라기 월드: 폴른 킹덤","10","쥬라기 월드: 폴른 킹덤전편보다 더 재밌음..오프닝도 간지나게 시작함..마직막 10분을 위해서 끌고가는 느낌이 아니고 2시간 내내 거의 지루할틈을 안줌. "
"337","쥬라기 월드: 폴른 킹덤","6","쥬라기 월드: 폴른 킹덤2015 쥬라기월드에 비해선 신선함이 좀 떨어짐 그래서인지 자극적인 장면의 연속..보는데 좀 피곤한... "
"338","탐정: 리턴즈","10","탐정: 리턴즈재밌네요ㅋㅋㅋ돈 안아깝습니다 "
"339","원더 우먼","7","원더 우먼크리스 파인 사랑이다. 갤 가돗은 미쳤다! "
"340","오션스8","1","오션스8할일이 없고 다소 따분한데 더 따분해지고 싶은분들께 강추!! 위기는 전화한통에 해결, 시행착오 제로 인물간 갈등 제로 인생최고로 재미없는 범죄영화였습니다. "
"341","싱 스트리트","10","싱 스트리트40을 바라보는 나에게 여러가지 의미로 큰 힘을 준 영화... 풋풋하고 좋다 "
"342","청년경찰","1","청년경찰아..절대 웃을 수 없다.머리털 나고 이런거 처음 쓰는데 정말 기분 드럽다.. "
"343","쥬라기 월드: 폴른 킹덤","10","쥬라기 월드: 폴른 킹덤재미있는데 여자친구가 많이 놀랐어요 "
"344","데드풀 2","8","데드풀 2재미있지만 약간의 잔인한 부분이 안맞는 분들도 계실듯하네요 "
"345","거울나라의 앨리스","10","거울나라의 앨리스본편 후 이야기가 더 있었으면 좋겠다고 생각하며 조니 뎁을 검색하니 이게 나와서 진짜 반가웠음. 네이버에서 샀더니 부가영상도 줘서 그걸로 영화의 여운을 어느 정도 해소시킴! 후속이 더 나오면 좋겠지만 그 누가 앨런 릭먼의 목소리를 재현할 수 있으리ㅠㅠ "
"346","남자와 여자","1","남자와 여자...보지도않고 거른다 "
"347","수어사이드 스쿼드","10","수어사이드 스쿼드존잼인데 왜 평점 낮지 할리퀸 예뿌다 "
"348","사부: 영춘권 마스터","7","사부: 영춘권 마스터열린 결말 이게 맞나?  초반 개그인가?  > 중반 좀 이상한데  > 후반 아니네 볼만하네 "
"349","유전","10","유전진짜 제가 본 외국 공포 영화 중 1등이었습니다. 정말 멋있다고 생각한 작품!!! "
"350","쥬라기 월드: 폴른 킹덤","8","쥬라기 월드: 폴른 킹덤역시 믿고보는 쥬라기월드 "
"351","유전","10","유전이런 곡성 같은 영화장르 좋아하는데, 내가 이때까지 본 공포영화 중에 제일 재미있었다. 초반 지루하지만 한 장면이라도 놓치면 영화를 이해하는 데 걸림돌이 될 수 있음. 다들 결말이 아쉽다고들 하는데 결말도 엄청나게 소름끼쳤다... 연기력도 정말 뛰어남 "
"352","탐정: 리턴즈","6","탐정: 리턴즈기대했던것 만큼 그렇게 재밌지는 않았음~ "
"353","힛쳐","10","힛쳐평점에 속을뻔 넘 재밋음 ㅜㅜ "
"354","리얼 술래잡기","4","리얼 술래잡기시나리오는 전개가 좀 아쉽다 정도..로 봐줄수도 있다고 보지만.. 연출은 정말 답이 없다.. ㅋㅋㅋ "
"355","사랑할 때 이야기하는 것들","10","사랑할 때 이야기하는 것들친근하고 익숙한 배경인데 이게 벌써 13년전 영화라니... 세상엔 나 빼곤 누구나 다 행복하다 라고 생각햇었는데 적어도 영화안에서의 두 주인공 삶은 참 무겁구나... 누구에겐 무겁고 힘든 옛 영화, 나에겐 동질감이 느껴지는 힘이되는 영화였다 "
"356","사랑할 때 이야기하는 것들","10","사랑할 때 이야기하는 것들이제라도 이런 좋은 영화를 알게되서 다행입니다. "
"357","사랑할 때 이야기하는 것들","10","사랑할 때 이야기하는 것들현실적이면서 지금 시대와도 괴리감 없는, 삶에대해 느끼는 부분을 온전히 감상할 수 있어 좋았어요~ "
"358","오션스8","10","오션스8캐릭터 정-말 매력적임. 개그 포인트도, 기존의 남탕 범죄물을 꼬집는 클리셰도 관객들 한마음 한뜻으로 빵빵 터졌다. 한 편 만으로도 깔끔했지만, 제발 후속편 나오길 원함.. "
"359","쥬라기 월드: 폴른 킹덤","6","쥬라기 월드: 폴른 킹덤의리파 블루가 기억에 남는다. 친구사귀면 블루같은 친구~ 개 멋짐 "
"360","탐정: 리턴즈","7","탐정: 리턴즈무겁지 않고 광수덕에 너무 유쾌했음 "
"361","오션스8","10","오션스8재미없단 사람들은 졸면서 봤나?존나 재밌는데? "
"362","아이 필 프리티","9","아이 필 프리티자신감향상에좋은영화입니다 "
"363","탐정: 리턴즈","10","탐정: 리턴즈생각없이 봤는데 웃다만 나왔네요~굿 "
"364","저스티스 리그","5","저스티스 리그좆스웨던시이이바알남아 스토리 보강하랬지 누가 좆노잼윾머에 개똥같은 씨지 추가하랬냐???? "
"365","사랑할 때 이야기하는 것들","6","사랑할 때 이야기하는 것들다좋은데 멜로가 오바한듯 "
"366","탐정: 리턴즈","10","탐정: 리턴즈군더더기 없이 재밋게 볼만합니다 "
"367","신세계","10","신세계어이~!쓉퐈뷰라더!!다시 한번 더 들으니! 속이 시원하구만ㅎ "
"368","해결사","2","해결사너무 쉽게 해결된 것 같다. "
"369","탐정: 리턴즈","10","탐정: 리턴즈생각보다 꿀잼 허니잼 유쾌했다 "
"370","탐정: 리턴즈","10","탐정: 리턴즈존웃 ㅋㅋㅋ마지막에 오토바이 휠체어 인줄 알았음 ㅋㅋ "
"371","버닝","10","버닝오랜만에 명작이었어요 "
"372","사랑할 때 이야기하는 것들","10","사랑할 때 이야기하는 것들김지수씨 넘 이쁘네요 ㅠㅠ "
"373","쥬라기 월드: 폴른 킹덤","10","쥬라기 월드: 폴른 킹덤노키즈존 ㅋㅋㅋ개공감 뒤에 애들겁나시끄러 ㅡㅡ 영화는꿀잼 "
"374","탐정: 리턴즈","10","탐정: 리턴즈기대안하고봤는데 피식피식하게 재밌네요 "
"375","나의 소녀시대","10","나의 소녀시대뭐야 왜케 유치해하면서 5번은 더본영화... 너무아름다움 "
"376","내일을 위한 시간","10","내일을 위한 시간주인공에게 ""그래, 해냈어!""라고 말하고 싶어요 얼마전에 비슷한 상황을 겪어 한참을 웅크리고 있었는데 주인공의 주말 덕분에 저도 다시 힘을 내보기로 했습니다.  피한다고 해결되는게 아니라는 것을 다시한번 깨닫는 영화 입니다. "
"377","탐정: 리턴즈","10","탐정: 리턴즈진짜 최고 웃김 스릴 코미디 둘다 만족 ㅋㅋㅋ 시리즈3 빨리 나오길 ㅠㅠ "
"378","감시자들","7","감시자들아주 기가막히고 흥미진진했다. "
"379","쥬라기 월드: 폴른 킹덤","10","쥬라기 월드: 폴른 킹덤옆에 앉은 초딩들도 숨죽여 볼 정도로 긴장최고였음 굿굿! "
"380","사랑할 때 이야기하는 것들","10","사랑할 때 이야기하는 것들멕시코vs독일 축구보다 사랑할때 이야기하는 것들영화가 얻는 것이 더 많네...가족의 소중함과 인연의 소중함을알게 해주는 영화..즐거운 나의집 음악이나오네요^^ 지금....끝 "
"381","마스크","10","마스크어린시절의 추억. 성인이 된 지금봐도 재밌네요 "
"382","사랑할 때 이야기하는 것들","8","사랑할 때 이야기하는 것들재미있네요.. 이런저런 생각도 해보게 되고 "
"383","사랑할 때 이야기하는 것들","6","사랑할 때 이야기하는 것들로멘스 영화에 현실 한스푼, 삶의 무게 한스푼,지극히 현실적이고 이성적 선택 한스푼을 넣으니달콤 씁쓸한 영화가 되어버렸다. 그맛이 썩 좋다. "
"384","탐정 : 더 비기닝","10","탐정 : 더 비기닝꿀잼 ㅋㅋㅋㅋ 근데 한국영화도 자막이 필요하다, "
"385","곤지암","10","곤지암잘 만든 한국형 공포영화결말이 아쉽다 "
"386","레슬러","1","레슬러무조건 연출이 잘못. 투자자와 못이겼고 제작자와 못이겼다. 싸워서 이겼어야지. 좋은 시나리오를 망쳤다.  한국의 사회문제를 절묘하게 담을수 있었는데  이성경에게 포커스를 너무 줬다. 아빠와 아들 잘 담을수 있었는데 여자 문제로 해석하다니  망해도 싸다 "
"387","아메리칸 셰프","10","아메리칸 셰프음악과 음식만 있다면 어디든지 갈수있어! "
"388","독전","8","독전영화잘봤어요조진웅영화네요김주혁님보니 가슴이찡브라이언역은 굳이 차승원이 해야했나요너무안어울림 ㅠ "
"389","문라이트","1","문라이트낚였습니다. 게이건 뭐건 아무상관 없습니다. 이영화는 지나치게 어떤이들에 의해 평점고 평론이 높게 잡혀있습니다. 그래서 매우 화가 납니다내돈 "
"390","사랑할 때 이야기하는 것들","10","사랑할 때 이야기하는 것들너무 늦게 만나 아쉬운 영화 "
"391","최종병기 활","1","최종병기 활평점준 평론가 새끼들 수준 참 ㅋㅋ "
"392","쥬라기 월드: 폴른 킹덤","10","쥬라기 월드: 폴른 킹덤이야....심야영화로 봤는데  증말 너무재미졌어용 "
"393","탐정: 리턴즈","8","탐정: 리턴즈액션 연출이 조금 미흡한것 빼고는 상당히 잼있었음. "
"394","독전","8","독전남자친구는별로라고 하네요 결말이이상하다고 저는 너무 보는네네 어린친구들이보기에는 너무 자극적이지않나 싶네요 재밌게 봤는데 결말 뻔함 "
"395","오션스8","10","오션스8심심한 부준없이 순식간이 가고 반전?있고 잠깐 스릴나고 웃기고 멋지고 꼭 봐야할 영화,걸크러쉬?? "
"396","탐정: 리턴즈","10","탐정: 리턴즈1편보다 재밌다닠 대박이닷 "
"397","데드풀 2","8","데드풀 2데프풀 1보다 재미없다했는데 재밌었습니다 "
"398","탐정: 리턴즈","10","탐정: 리턴즈정말 또 보고싶을정도로빵빵 터졋어여 "
"399","탐정: 리턴즈","10","탐정: 리턴즈이벤트가 있어 별기대없이 보러갔는데..아침부터 기분좋게 유쾌했어요성동일 권상우 브로맨스ㅋㅋ 넘좋고 이광수~ 진짜 웃김!!영화보고 기분좋기도 참 오랜만입니다~ "
"400","램페이지","10","램페이지동물과인간의 관계는 경험해본 사람만 아는 법그리고 그 사람들만 느낄 수 있는 감동 "
"401","탐정: 리턴즈","10","탐정: 리턴즈재미있게 잘 봤어요~^^세분의 케미 짱 "
"402","오션스8","8","오션스8박지훈에서 별 하나 제거 "
"403","드레스메이커","10","드레스메이커기대 안했는데 스토리가 굿! "
"404","챔피언","10","챔피언나는 완전 만족합니다 마동석 너무 좋아요 "
"405","쥬라기 월드: 폴른 킹덤","6","쥬라기 월드: 폴른 킹덤이번편보다 앞전 쥬라기월드가 더 잼났음.. "
"406","탐정: 리턴즈","10","탐정: 리턴즈재밌게 잘봤습니다. 다음시리즈도 나오면 좋겠네요 "
"407","아이 필 프리티","10","아이 필 프리티가장 마지막에 르네의 자전거 타면서 자신감 넘치는표정이 가득한 장면에선 전율과 소름이 돋앗다 "
"408","탐정: 리턴즈","10","탐정: 리턴즈재미있어요 ㅎㅎ 추천합니다 "
"409","쥬라기 월드: 폴른 킹덤","8","쥬라기 월드: 폴른 킹덤매우 재미있었습니다. "
"410","저수지 게임","10","저수지 게임이걸 이제야 보네요.. "
"411","아들에게 가는 길","10","아들에게 가는 길감동입니다 먹먹하네요 "
"412","독전","6","독전담배나오는데 19세해야 되지않나요? "
"413","독전","10","독전류준열, 조진웅, 고 김주혁, 외에도 나왔던 모든 배우들의 연기가 돋보임. 시간내서 한번 더 보고싶은 영화 "
"414","탐정: 리턴즈","10","탐정: 리턴즈이광수 캐스팅 정말 찰떡이에용 "
"415","윈드 리버","10","윈드 리버레버넌트가 생각났다. "
"416","탐정: 리턴즈","8","탐정: 리턴즈재밌음ㅋㅋ3류탐정코미디의 시시하고 정해진 스토리를 넘어서려 노력한게 느껴졌음! 이광수가 살린 영화! "
"417","쥬라기 월드: 폴른 킹덤","10","쥬라기 월드: 폴른 킹덤나름 재미있었습니다. 3편 기대하겠습니다. "
"418","논스톱","7","논스톱회수되지 않은 떡밥들이 있지만 비행기 하나만의 배경으로 잘 만든 스릴러 "
"419","쥬라기 월드: 폴른 킹덤","5","쥬라기 월드: 폴른 킹덤15세영화를 편집해서 12세로 내보낸 후진국 헬조선 "
"420","탐정: 리턴즈","10","탐정: 리턴즈오랜만에 웃으며 스트레스 날립니다.입소문이 괜히 입소문이 아니네요흥행하세요!! "
"421","데드풀 2","10","데드풀 2연출 번역 분위기 기대했던 것만큼 좋았어요! "
"422","오리엔트 특급 살인","7","오리엔트 특급 살인에르큘 포아르를 무슨 액션스타로 만들어 놓았네 ㅎ 유명배우들 많이 출연해서 볼거리는 좋았슴 "
"423","쥬라기 월드: 폴른 킹덤","1","쥬라기 월드: 폴른 킹덤맘충이들과 편집된 영화를 비싼 돈 주고 보느니 그냥 기다렸다가 나중에 무삭제판 보세요,. "
"424","오션스8","6","오션스8배우들 연기는 정말 백점이나..굳이 범죄자가 아니었던 캐릭터들이 범죄에 어거지로 가담한거 티난다...그렇게 대단한 영화는 아닌거 같다 "
"425","오션스8","6","오션스8오션스 예전버젼보다는 쪼이는맛이 적었다 "
"426","범죄의 재구성","10","범죄의 재구성지금보니 94만 밖에 안들엇네 난 극장서 봣는데... 최동훈감독이 찍은 케이퍼무비중에 난 이게 쵝오엿음 "
"427","나나","8","나나Endless Story 장면은 진짜... "
"428","탐정: 리턴즈","10","탐정: 리턴즈재미써요~~~~!!~~ "
"429","오션스8","10","오션스8혼자보러갔는데   몰입하기도  좋고   감동적이었습니다 "
"430","귀담백경","3","귀담백경아니 먼 평점이 1아님 10이야!진짜 알바 실존하나?머라 설명해야되는지 모르겠는 영화.. 아쉽다..오늘 잠은 잘자겠다.. "
"431","오션스8","10","오션스8재밌어요 카메오 찾는 재미도 쏠쏠! "
"432","카사노바","8","카사노바카사노바는 어떤 한 사람이 아니라 진정한 사랑을 못찾고 하루살이 사랑을 하는 남자를 지칭하는거였군요. 남자는 미래를, 여자는 사랑을 찾던 대다수의 영화와 반대로 남자가 사랑을, 여자가 미래를 찾는 영화네요. "
"433","탐정: 리턴즈","10","탐정: 리턴즈이 영화는 이광수가 캐리했다. 두사람 호흡도 좋고 캐릭터 설정도 다들 잘한거같다. "
"434","오션스8","6","오션스8괜찮은배우들 나쁘지않은 시나리오 "
"435","나라타주","10","나라타주난잼나던디.뭔가애잔하다여운이많이남음 마츠준도연기잘하고 여주도이쁘고 켄타로도긋임 "
"436","나는 내일, 어제의 너와 만난다","10","나는 내일, 어제의 너와 만난다이게 왜 8점대냐, 여주한테 감정이입을 못하는 닝겐들때문이겠지.. 눈물 주륵주륵 흘림 "
"437","어바웃 타임","9","어바웃 타임사랑에 정답은 없지만 노력을 한다면 최선의 길로는 갈수있다 "
"438","유전","10","유전씹씹씾씹씹씹씹상타취 "
"439","쥬라기 월드: 폴른 킹덤","6","쥬라기 월드: 폴른 킹덤갠적으론 전편이 더 나은듯 "
"440","동급생","10","동급생말이 필요하나요 쿠사카베과 사죠인데ㅎ "
"441","툼레이더","2","툼레이더여주가 발암케릭이구만 하지말라는거 젤로 잘하는듯 "
"442","한낮의 유성","10","한낮의 유성나가노 메이... 처음 봤는데 너무 귀여워... "
"443","사랑할 때 이야기하는 것들","10","사랑할 때 이야기하는 것들최고의 시나리오와 배우의 만남 "
"444","버닝","7","버닝어디 하나 의지할 곳 없는, 어디하나 마음 줄 곳 없는 청춘들의  결핍 "
"445","내 이야기!!","10","내 이야기!!진짜 나가노 메이는 비현실적으로 사랑스럽다... "
"446","오션스8","10","오션스8재밌었어요!! 모두 너무 예뻤고 스토리도 좋았습니다!! "
"447","나, 다니엘 블레이크","9","나, 다니엘 블레이크우릴 도와줬죠 나도 돕고 싶어요...와이프 슬리퍼 밑창 떨어졌던데... 새로 하나 사주려고요.... "
"448","탐정: 리턴즈","10","탐정: 리턴즈혼자 보고왓는데 많이 웃다가 가네요ㅎㅎ강추입니다! 독전보고 먼가 짠했는데ㅠㅠ추천합니다 "
"449","탐정: 리턴즈","10","탐정: 리턴즈진짜영화 추천합니다 진짜 와 넘 재밌어요 "
"450","탐정: 리턴즈","8","탐정: 리턴즈마지막까지 이광수 매력 터지네요 ㅋㅋ "
"451","그랜 토리노","10","그랜 토리노평가를 할수없을 만큼 멋지다 "
"452","오션스8","10","오션스8Ihhvcdddgghjb "
"453","불꽃 슛 통키","4","불꽃 슛 통키나름 신선했다고 말할 수 있다. "
"454","사랑할 때 이야기하는 것들","10","사랑할 때 이야기하는 것들오늘도 이비에스에서  보여주네요 ㅡ도란 도란 "
"455","사랑할 때 이야기하는 것들","8","사랑할 때 이야기하는 것들왜 이 영화를 지금 볼까 참...현실적인 사랑영화 같다 참 좋다 "
"456","사랑할 때 이야기하는 것들","10","사랑할 때 이야기하는 것들편하고 재밌어요 늦은 시간에 방송해서 덕분에 잠을 못자지만..^^ "
"457","오션스8","10","오션스8스낵무비고 뭐고 여자만 떼로 출연하는 상업영화도 많아야 하는게 당연 ^^ "
"458","오션스8","7","오션스8유명 여배우도 많이 나오고, 그럭저럭 볼 만한 영화. 그치만 스토리나 전반적인 느낌이 이런 류의 영화에서 크게 벗어나지 않아 쏘쏘 딱 그정도. 앤헤서웨이 너무 예쁘다는거♥ "
"459","챔피언","10","챔피언클레멘타인의 버금가는 수작 "
"460","탐정: 리턴즈","10","탐정: 리턴즈다음 후속편 있죠...? 있다고 말해줘요ㅠㅠ "
"461","12 솔져스","10","12 솔져스진짜 너무너무 멋있습니다 "
"462","유전","10","유전오랜만에 제대로 무서운 영화나왔네요영화끝나고 기분나빴어요 무서워서 흐엉!!! "
"463","너의 췌장을 먹고 싶어","6","너의 췌장을 먹고 싶어아무리 멜로라지만 재미 하나도 없네.... 멜로 좋아하는 난데.. "
"464","버닝","10","버닝나만 볼수 없다. 10점 준다 "
"465","탐정: 리턴즈","10","탐정: 리턴즈힝 너무재밌어여 ㅋㅋ가족들보기 넘좋네요 "
"466","탐정: 리턴즈","8","탐정: 리턴즈재밌긴 한데 좀 유치했어요 "
"467","독전","7","독전도입부는 정말 좋았는데 중후반부터 스토리 개연성이 사라지는게... "
"468","버닝","8","버닝인간의 내면 깊숙히 있는 감정선을 미친듯이 잘다룬영화다. 스토리는 그걸 거들뿐이다. 각기다른 캐릭터가 본인의 삶의 이유와 상처. 감정의 분출구를 찾아가는 방향성에대해서 많은 생각을 하게된다. 인생영화를 찾았다. "
"469","사랑할 때 이야기하는 것들","10","사랑할 때 이야기하는 것들참 슬프다.. 현실이.. 너무 공감되네... "
"470","괜찮아요, 미스터 브래드","8","괜찮아요, 미스터 브래드내 인생은 나의 것. 그 모두를 사랑하라. "
"471","탐정: 리턴즈","10","탐정: 리턴즈이광수 런닝맨에 이어 하드캐리 "
"472","탐정: 리턴즈","10","탐정: 리턴즈재.미.있.어.요. "
"473","커플즈","9","커플즈반전의 반전의 반전의 반전을 위한 영화. 제목만 봤을땐 뻔한 커플들의 이야기일거라고만 생각했는데 이런 엄청남이 기다리고 있을줄은 예상치 못했다. 다소 억지일수는 있지만, 풀리지않았던 퍼즐이 맞춰가는듯 점점 완성되어가는 이야기 같다고나 할까 그랬다. "
"474","캐롤","10","캐롤제 인생 영화예요! 한 번 더 볼 생각이고 왜 이제 봤나 후회되네요 "
"475","바빌론 A.D.","1","바빌론 A.D.완전 노잼이네.. 이게 뭐야!! "
"476","무서운 집","3","무서운 집영화는 엉망진창 의도하려는 바는 성공 "
"477","탐정: 리턴즈","10","탐정: 리턴즈일편보다 더 재밌네 볼만함 !빵빵터져요 "
"478","탐정: 리턴즈","10","탐정: 리턴즈너무재밋게잘봣습니다 ㅋㅋ "
"479","청년경찰","10","청년경찰페미들 몰려왔네ㅋㅋ 감독님 무시하세요 "
"480","오션스8","9","오션스8중간중간 재미있는 부분들이 많아서 지루하지가 않아서 ㅎ 한번 더 영화관가서 볼 생각이예요 ㅎ "
"481","탐정: 리턴즈","8","탐정: 리턴즈진짜 오락영화의 진수! 이것이야 말로 킬링타임영화..시간가는 것이 안느껴짐 "
"482","데자뷰","2","데자뷰욕하러왔는데 다른분들이 대신해줘서 맘이좀풀림 "
"483","버닝","6","버닝개인적으로 열린결말을 안좋아해서... "
"484","유전","6","유전토니 콜렛 연기가 압도적이라 몰입도는 좋은데 사건과 결말에 대한 암시가 좀 투박해요. 인디영화처럼 투박한 느낌이 있는데 그래서 무서우려다 말았어요. 악마숭배 씬에 대한 연출이 특히 어설퍼서 후반부로 갈수록 몰입이 떨어지네요. "
"485","그것","4","그것지금부터 놀래킨다? 하고 놀래키는 영화 "
"486","탐정: 리턴즈","10","탐정: 리턴즈ㅋㅋㅋ이광수 하드캐리입니다 아직도75만명인거이해안됩니다  꼭보세요 "
"487","탐정: 리턴즈","7","탐정: 리턴즈너무 배우들 케릭터에만 의존한영화 "
"488","쥬라기 월드: 폴른 킹덤","8","쥬라기 월드: 폴른 킹덤재미있게  잘~봤네요사질 전편이 더 재미있는듯 "
"489","정사 : 착한 며느리들","1","정사 : 착한 며느리들좁은 장소에서의 무한 반복... "
"490","탐정: 리턴즈","10","탐정: 리턴즈안웃었던적이없네요^^탐정시리즈 다 재밌어 "
"491","탐정: 리턴즈","10","탐정: 리턴즈꿀잼 핵잼 ㅋㅋ처음부터 끝까지 쟈밋네용 "
"492","독전","8","독전Iwiwjsjziqiajdoxoskdjxjdjejdnxjsiwidjdjxjsjwjdjdnejzkcjrjzndiejdjdnekzjfjejxjxjdjdjxjdkskskxjxjdjdjdjxjxjdjxj "
"493","요정 미인관","3","요정 미인관나름의 변모는 있었지만... "
"494","탐정: 리턴즈","9","탐정: 리턴즈이광수에 의한 이광수를 위한 영화 "
"495","가루지기: 변강쇠 더 비기닝","1","가루지기: 변강쇠 더 비기닝비슷한 경우들 중 못 한 경우... "
"496","눈에는 눈 이에는 이","6","눈에는 눈 이에는 이단역들 부모들이 돈이 많나..단역좀 신경써요 ㅠ "
"497","오션스8","6","오션스8기대를 너무 했나봐요. 그치만 산드라블럭과 케이트 블란쳇은 역시 멋지네요 "
"498","탐정: 리턴즈","9","탐정: 리턴즈볼만하다.1편도 봐야겠다 "
"499","탐정: 리턴즈","10","탐정: 리턴즈광수캐리꿀잼권상우도 굳 "
"500","타이타닉","10","타이타닉말이필요없는거같다 마음까지울리는영화 "
"501","탐정: 리턴즈","10","탐정: 리턴즈재밌었어요ㅎㅎ이광수가 너무 웃겼습니당 "
"502","독전","8","독전배우 한명한명의 색이 제대로 물든영화 "
"503","탐정: 리턴즈","10","탐정: 리턴즈웃기기만 하진 않다. 은근 추리도 있는 영화 "
"504","독전","10","독전크으...또보고싶은영화 "
"505","앤트맨","8","앤트맨개미같이 작은 히어로의 상상력을 충족시켜주는 영화. "
"506","독전","10","독전15세인거만 빼면 ㄹㅇ 인생영화 "
"507","커뮤터","7","커뮤터이정도면 시간 보내기 딱 좋음. "
"508","툼레이더","2","툼레이더앞도 뒤도 없는 진부한 영화....후회... "
"509","헝거게임 : 더 파이널","7","헝거게임 : 더 파이널그래도 의미있는 마무리. "
"510","사랑할 때 이야기하는 것들","10","사랑할 때 이야기하는 것들지금 보고있는데  왜몰랐을까? "
"511","버닝","1","버닝알바 개xx들아 니들은 자존심도없냐 버러지ㅅㄲ들아 캬~~~툇!!! "
"512","헝거게임:모킹제이","7","헝거게임:모킹제이너무 많은 기대는 하지말자. "
"513","스플라이스","8","스플라이스흠... 엔딩 찹찹하구만... 과연 어떻게 됬을고... "
"514","헝거게임: 캣칭 파이어","8","헝거게임: 캣칭 파이어1편보다 나은 속편, 앞으로가 기대된다. "
"515","탐정: 리턴즈","10","탐정: 리턴즈진짜 잼있어요 ㅋㅋㅋㅋ일편 찾아서 봄 이광숰ㅋㅋㅋ "
"516","로맨틱 아일랜드","10","로맨틱 아일랜드이런 영화를 다시 볼수 있다면 얼마나 좋을까 "
"517","탐정: 리턴즈","7","탐정: 리턴즈전편에는 추리의 신선함 이번에는 웃음포텐이 팡팡 터짐 초반에는 그닥 웃음코드가 없었는데 광수형 나오면서 계속 웃었어요 ㅋㅋ "
"518","헝거게임 : 판엠의 불꽃","7","헝거게임 : 판엠의 불꽃시리즈의 나쁘지 않은 출발. "
"519","그날, 바다","10","그날, 바다너무 소름이 돋습니다세월호 .. 잊지않겠습니다어른들이 미안합니다 "
"520","독전","10","독전내 시간은 '독전'속에 있었다. 연기며 스토리며 소름돋았음. 최고. "
"521","나의 절친 악당들","5","나의 절친 악당들영화가 중구난방임ㅎㅎ "
"522","독전","8","독전엄청 재밌었다. 근데 진짜 청불아닌줄은 몰랐네... "
"523","플라이트플랜","9","플라이트플랜모처럼 재밌는 영화 봤네요. 본 보람이 있네요. "
"524","탐정: 리턴즈","10","탐정: 리턴즈요거 시리즈 넘 재밋네요 "
"525","고령화 가족","5","고령화 가족영화가 진행되는 구성이 고령화. "
"526","오션스8","10","오션스8너무재밌음ㅜ 시원시원하구 여자들다 넘천재야... 존멋터짐 "
"527","독전","10","독전류준열 반전 와우.... "
"528","버닝","2","버닝졸라 짜증나는 영화 ㅜ ㅜ 머지 대체? ? "
"529","오션스8","10","오션스8다른사람들 평 보지말고 직접 영화보고 판단하세요 ㅋㅋㅋ 그래서 전 잘봤습니다. "
"530","챔피언","8","챔피언정말 마동석'만' 믿고 간 영화. 여자아역배우는 귀여웠다. "
"531","사랑할 때 이야기하는 것들","10","사랑할 때 이야기하는 것들세상에는 참 알려지지 않은 명작이 많은거 같다.왠만한 천만영화보다 훨씬 따뜻하고 마음에 와닿는 영화다. "
"532","곤지암","9","곤지암혼리 쉣 쉣 쉣 바나나쉐이크 "
"533","쥬라기 월드: 폴른 킹덤","6","쥬라기 월드: 폴른 킹덤재밋어요 좀 지루한 부분도 있어서 별 세개 "
"534","탐정: 리턴즈","10","탐정: 리턴즈스토리와 배우의 조합이 너무 좋아요.웃다 보니 영화가 끝나네요. "
"535","유전","10","유전재밌었습니다. 귀신이 무섭고 갑툭튀로 놀래키는게 중점인 공포라기보단 소름돋고 기괴한 영화. 간만에 좋은 최신 공포영화를 봐서 기분 좋았습니다. "
"536","탐정: 리턴즈","10","탐정: 리턴즈더 비기닝은 재밌긴 했ㅈㅣ만 뭔가 좀 부족한 느낌이었는데 리턴즈는 그걸 보완한듯. 더 알차고 재밌어졌다 "
"537","탐정: 리턴즈","10","탐정: 리턴즈기대한하고 봤는데 진짜 와전 웃기고 너무잼있어용!! "
"538","아이 필 프리티","8","아이 필 프리티평론가 김소미 : 경로를 이탈한 내비게이션을 지켜보는 괴로움처럼  이렇게 적고 4점 박아놨네 ㅎ 한심하다 국내 평론가라는 양반들 ㅎㅎ "
"539","탐정: 리턴즈","9","탐정: 리턴즈박수치며 대박 웃다 나옴! 다만  쫀쫀한 긴장감이나 완벽한 구성감은 좀 떨어졌지만 한국인의 정서에 잘 맞는 영화! "
"540","피터 래빗","10","피터 래빗피터 늠 겨버영 헹 ♡♡ 기요미 "
"541","탐정: 리턴즈","10","탐정: 리턴즈가족들이랑봤는데재밋네요 "
"542","탐정: 리턴즈","10","탐정: 리턴즈킬링타임으로 좋아요. "
"543","탐정: 리턴즈","10","탐정: 리턴즈존잼 진짜 이광수 하드캐리 "
"544","7년의 밤","5","7년의 밤배우들 연기 때문에 5점 준다... 진짜 감독은 영화판 떠라 "
"545","탐정: 리턴즈","10","탐정: 리턴즈최근에 본 국내 영화중 손에 꼽을 정도로 잘만든 영화 같습니다 "
"546","독전","10","독전진서연 님 연기가 계속 기억에남아요 "
"547","곤지암","5","곤지암지현이 샤브샤브 좀 사줘라. 귀신가스나 서클렌즈 밖에 기억안나네 "
"548","아수라","8","아수라관람객들 평점이 6점대인데 펑론가 평점이 좀 더 높다는게 엄청난 힌트임. 난 재밌게봄. 현실감은 약간 떨어지지만 충분히 의미있는 작품이라고봄. "
"549","화려한 외출","2","화려한 외출수위도약하고스토리도너무흔하네 "
"550","독전","8","독전볼만합니다. 재미도있고~~ "
"551","오션스8","10","오션스8저러다들키면어쩌지 내는 못보겠다 ㅎ헉헉 이런 씬 없어서 존좋 "
"552","오션스8","8","오션스8그냥 소소한 재미로 볼만해요 "
"553","탐정: 리턴즈","10","탐정: 리턴즈긴장+코믹 둘 다 느낄 수 있습니다 "
"554","탐정: 리턴즈","10","탐정: 리턴즈오랜만에 잼잇게영화봣네요 ㅋㅋㅋ "
"555","탐정: 리턴즈","10","탐정: 리턴즈광수!믿고 봄 괜찮았어 "
"556","오션스8","8","오션스8케이트블란쳇 신드라블록 "
"557","탐정: 리턴즈","10","탐정: 리턴즈웃으면서 볼수있어요ㅎㅎ지루한틈없이 집중도잘됩니다 "
"558","아수라","10","아수라아쉽다 이멋진 명작이... "
"559","독전","10","독전김주혁 마약연기 소름끼쳤음. 꼭 내앞에서 마약먹고 협박하는것 같았음. "
"560","박열","1","박열아니 그래서 한게 뭐냐고 ㅋㅋ 남으나라 가서 깽판논거가 다네 "
"561","탐정: 리턴즈","9","탐정: 리턴즈시원하게 웃고 즐기면서 보기 좋은 영화 "
"562","똥개","10","똥개최고의 영화ㅜㅜ 아 진짜 너무 잘봤음ㅜㅜ "
"563","버닝","10","버닝호불호가 강하겠다. 분명한 감독은 천재 "
"564","오션스8","10","오션스8정말 재밌었어요 앞으로도 여성이 주도하는 영화가 많이 생기면 좋겠네요 "
"565","탐정: 리턴즈","6","탐정: 리턴즈과한설정 순간순간재미있는  부분은 있음 "
"566","탐정: 리턴즈","10","탐정: 리턴즈광수 캐리 mvp 1st "
"567","스피드","10","스피드최고져 다시봐도 감동~ "
"568","쥬라기 월드: 폴른 킹덤","10","쥬라기 월드: 폴른 킹덤애들  존나싫어  ㅠㅜ 강아지도  조용히하라면  알아듣는다  이것들아 영화보러갔다  화만남 "
"569","탐정: 리턴즈","10","탐정: 리턴즈아진짜 이광수 미쳐따ㅋㅋㅋㅋ졸라잼잇다 "
"570","라 밤바","10","라 밤바명작입니다. OST 카세트테이프 늘어질정도로 들었다는... "
"571","탐정: 리턴즈","2","탐정: 리턴즈노잼  뻔한 스토리 억지 웃음 "
"572","오션스8","6","오션스8말 그대로 너무 지루하고, 별 내용도 없고, 흔하디 흔한 식상한 영화....출연진만 화려함... 장르 특성도 제대로 못 살려서 기본도 못하는 듯.. "
"573","탐정: 리턴즈","10","탐정: 리턴즈너무 꿀잼 재밌습니다~꼭보세요 "
"574","탐정: 리턴즈","10","탐정: 리턴즈배우들이 캐릭터를 잘 소화해낸듯 하다 "
"575","오션스8","10","오션스8출연자분들 다 너무 멋있고 재미있었어요 앞으로 이런 영화가 많이 나왔으면 좋겠네요ㅎㅎ "
"576","7번째 내가 죽던 날","1","7번째 내가 죽던 날메갈년들 파티영화 ㅉㅉ  참교육당하는거 통쾌하다 "
"577","유전","6","유전배우들의 연기는 좋았고 긴장감을 주는 분위기 조성까지도 아주 좋았다. 다만 임펙트있는 스릴은 부족하고 이야기의 완성도는 아쉽다. "
"578","탐정: 리턴즈","10","탐정: 리턴즈굳즐겁게봤어요.ㅎㅎ "
"579","오션스8","10","오션스8중간에 영상오류가 나긴했지만 전체적인 내용은 재밌었네요 ㅎㅎ 여러모로 기억에 남는 하루네요 "
"580","탐정: 리턴즈","10","탐정: 리턴즈최고의 듀오 최고의 영화 최고의 시리즈 "
"581","탐정: 리턴즈","9","탐정: 리턴즈뻔한 전개로 예상 가능한 스토리였다. 하지만 웃음 전개는 예상 못했다. 방심하면 큰 웃음 다친다. 모든 것이 예상 가능했지만 그 예상을 어떻게 웃기는 지가 관전 포인트다. 방심하지 마라. "
"582","사랑할 때 이야기하는 것들","1","사랑할 때 이야기하는 것들시작부터 모텔에서 OOO  두판.결혼할년이 OOO하자고  술마시고 OOO하자고하는 여자.더럽게 시작하는구만. "
"583","오션스8","10","오션스8재미는 그닥... 앤해서웨이 하나로 10점 "
"584","짝패","8","짝패멋진 액션영화. 굿~~ "
"585","탐정: 리턴즈","6","탐정: 리턴즈초반엔 좋은데 중반부터 조금 지루해 짐. "
"586","탐정: 리턴즈","10","탐정: 리턴즈잘만들었네요.. ㅎㅎ 권상우씨 나이들수록 더 멋있어 지는것 같아요 "
"587","더 포스트","10","더 포스트긴장감은 최고다   역시 스필버그 "
"588","캐리비안의 해적 - 세상의 끝에서","10","캐리비안의 해적 - 세상의 끝에서진짜 재밌었어 ...ㅠㅜㅜ "
"589","오션스8","10","오션스8최고다 2차찍으러 갑니다 "
"590","쥬라기 월드: 폴른 킹덤","10","쥬라기 월드: 폴른 킹덤조용한 영화관에서 봐서 다행이다 짱잼ㅎㅎㅎㅎ "
"591","스파이더맨 3","10","스파이더맨 3저한테는 최고의 스파이더맨 시리즈였습니다. "
"592","탐정: 리턴즈","10","탐정: 리턴즈극장에서 계속 웃으면서 봤네요!진짜 재밌어서 많은 사람들이 봤으면 좋겠네요! "
"593","오션스8","8","오션스8가볍게 보기 좋은 영화. "
"594","캐리비안의 해적: 낯선 조류","10","캐리비안의 해적: 낯선 조류시즌중에선 아쉬웠지만 그래도 재밌어요 "
"595","쥬라기 월드: 폴른 킹덤","6","쥬라기 월드: 폴른 킹덤애들은 좋아할 것 같네요 "
"596","얼리맨","10","얼리맨깨알재미에 훈훈한 감동까지 12년이라는 세월동안 장인정신을 보여준 아드만 대단해용! "
"597","오션스8","10","오션스8이건 진리  잼나요 오랫만에 생각없이뵜어요 "
"598","캐리비안의 해적: 죽은 자는 말이 없다","10","캐리비안의 해적: 죽은 자는 말이 없다재밌었다..6언제나와요? "
"599","탐정: 리턴즈","10","탐정: 리턴즈웃음 뿐만 아니라 액션도 나름ㅋㅋ 배우들 연기가 좋아서 그런가 부담스럽지 않게 볼 수 있었습니다 "
"600","탐정: 리턴즈","10","탐정: 리턴즈억지웃음유발 진짜 싫어하는데 이건 저절로 웃음이 터져나와요!오랜만에 개그코드가 잘 맞아 유쾌했던 영화! "
"601","쥬라기 월드: 폴른 킹덤","10","쥬라기 월드: 폴른 킹덤보는내내 너무 흥미진진했습니다. "
"602","탐정: 리턴즈","10","탐정: 리턴즈기대안하고 봤는데 개콘마냥 극장 사람들이랑 웃으면서 봤어요ㅋㅋㅋ이런적 처음이라 리뷰도 남겨용 "
"603","쥬라기 월드: 폴른 킹덤","10","쥬라기 월드: 폴른 킹덤실감나게 재미있었어요~ "
"604","쥬라기 월드: 폴른 킹덤","8","쥬라기 월드: 폴른 킹덤홯셔ㅓㅠㅎ샤 마머뉴노너우으ㅓ혀ㅑ "
"605","오션스8","8","오션스8자막이 조금 그렇지만, 재미있게 보았습니딘. "
"606","탐정: 리턴즈","10","탐정: 리턴즈짱 재밌어요! 가족과 같이 보세요! "
"607","오션스8","6","오션스8지루합니다. 왜케 평점이 좋은지 이해가 안되네요 "
"608","청년경찰","10","청년경찰ㅎㅎ올만에 한국영화 잼난거 봤네욤 "
"609","스터 오브 에코","7","스터 오브 에코어찌보면 심심하지만 이야기를 풀어가는 구성이 좋았다 "
"610","탐정: 리턴즈","10","탐정: 리턴즈소소한 재미^^ 권상우와 성동일의 캐미가 돋보인다 "
"611","오션스8","8","오션스8배우들 한명한명 매력이 넘치는 영화스토리는 예상할만 하지만알면서도 긴장감있게 몰입 할수 있다! "
"612","탐정: 리턴즈","10","탐정: 리턴즈아주 아주 재밌었어요♡ 코맥앤감동!!!! "
"613","오션스8","10","오션스810점 만점 ㄱㄱㄱ 입니다. "
"614","어웨이크","10","어웨이크스릴감 장난아님 진짜 재밌다 "
"615","오션스8","8","오션스8앤이 이쁜 줄은 알았지만 여기서 정점을 찍은 듯..다른 배우들 중 구멍은 하나도 없었는데 번역이 쫌 애매..의심하며 보게되니 집중이 안되더라.. "
"616","데드풀 2","10","데드풀 2번역 너무 수고많으셨습니다 ㅋㅋㅋ 번역 덕분에 더 재밌게 본 영화 "
"617","독전","10","독전배우들 연기가 정말미쳤다 와....!! "
"618","쥬라기 월드: 폴른 킹덤","1","쥬라기 월드: 폴른 킹덤전작에 비해 실망.. 하지만 재밌었음 애새끼 때문에 1점 "
"619","혐오스런 마츠코의 일생","10","혐오스런 마츠코의 일생오까이리 다다이마반드시 봐야하는 영화 "
"620","온리 더 브레이브","10","온리 더 브레이브소방관의 사명감과 위대함.. "
"621","탐정: 리턴즈","10","탐정: 리턴즈누구와 봐도 가볍게 웃을 수 있는 영화같아요 "
"622","부르고뉴, 와인에서 찾은 인생","8","부르고뉴, 와인에서 찾은 인생영화덕에 보고싶다 동생아~~ "
"623","오션스8","10","오션스82시간 정말 빨리 갔어요! 앞으로도 이런 영화가 많이 나와줬으면 좋겠네요ㅜㅜ "
"624","헬프","10","헬프최고에요.. 정말 시간 가는줄 모르고 봤습니다 "
"625","세인트 오브 뉴욕","10","세인트 오브 뉴욕기대않하고 보다가 많은 감동 받았어요 "
"626","벨벳 골드마인","10","벨벳 골드마인반짝이는 모든것들이 아름답다 "
"627","청설","8","청설대만영화 세번째인데 우리나라 정서와 잘맞는거 같아서 잘 보고있어요  이 영화는 부모님의 생각이 너무나 당연한건데도 우리나라완 너무 달라 더 마음아팠고 한 번 더 느끼게 하는 캐릭터였어요 킬링타임으로 보기좋은거 같아요^^ "
"628","오션스8","1","오션스8본격 레즈비언 케이퍼무비. 레즈비언 성향을 가진 사람들에겐 연성용으로 대인기라고 함. 유명 배우가 나와서 화려한 모습을 보여준다고하나, 화려함면에선 상업광고류에는 한참 못미침. 캐릭터성, 스토리라인 모두 약함. 배우의 매력만으로 110분을 버티기 힘듬 "
"629","아이 필 프리티","9","아이 필 프리티예상 가능한 스토리지만 매력적인 배우 덕에 지루함 없이 재밌게 봤습니다 "
"630","탐정: 리턴즈","10","탐정: 리턴즈3편도 만들어쥬세요  진짜 재밌어요 "
"631","아이 필 프리티","10","아이 필 프리티나를 사랑하게 만드는 영화 "
"632","청년경찰","8","청년경찰주인공 케미 굿! 글고 산부인과 원장 새끼 진짜 최악질 제일 나쁜 OOO “알 많다”는 대사 듣고 진짜 구역질나는 줄. 완전 극혐이다 "
"633","쥬라기 월드: 폴른 킹덤","10","쥬라기 월드: 폴른 킹덤집에서 키우는 개만도 못한 동물인가 라는 생각에 화가 울컥함.. 인간의 이중성 쩌는 점을 새삼 느끼게 해줌. 애땜에 재수없게 집중못할까봐 일요일 심야로봤더키 조용하고 좋았음. 무섭다 라기보다. 슬프다 라거나 안쓰러운 영화였음 "
"634","독전","8","독전흥미롭고 결말이 신선하ㅔ용 "
"635","탐정: 리턴즈","8","탐정: 리턴즈너무웃지마세요 배꼽 빠지니깐ㅎㅎ "
"636","오션스8","2","오션스8이런 환상스런 라인업으로 이따위 영화를 만든 것도 신기함. 보는 내내 지루했고 캐릭터들은 매력없었고 나오기엔 라인업에 대한 일말의 기대로 인한 망설임때문에 망했고. 어떻게 저 배우들을 가지고 어떻게 이런 스토리 대사 연출이 나왔을까 싶었음. "
"637","쥬라기 월드: 폴른 킹덤","9","쥬라기 월드: 폴른 킹덤공룡 구하다가 끝나는 이야기~ "
"638","탐정: 리턴즈","10","탐정: 리턴즈관객들이랑 다들 웃음 폭탄ㅋㅋㅋ "
"639","탐정: 리턴즈","10","탐정: 리턴즈정말 기대 안하고 봤는데 넘넘 재밌었네요~ 끝나는 동안 지루하지도 않고 웃다왔습니다 "
"640","쥬라기 월드: 폴른 킹덤","8","쥬라기 월드: 폴른 킹덤요즘 볼 영화가 너무 없어서 별 기대 없이 봤는데 기대 이상으로 재밌게 봤어요집중해서 긴장하며 봄 "
"641","천년여우 여우비","10","천년여우 여우비진짜 추억의 애니메이션.. 또 보고싶다 이 영화가 기억 속에 머물러있어서 너무 좋다.. 근데 여우비 목소리가 손예진이였다니 더더욱 좋다^^! "
"642","에이리언: 커버넌트","10","에이리언: 커버넌트하...영화는 진짜 재밌는데 세계관이 너무 처참하고 암울하다..데이빗 개xx "
"643","쥬라기 월드: 폴른 킹덤","10","쥬라기 월드: 폴른 킹덤잼 있어요 일요일 저녁에보면 조용합니다 "
"644","쥬라기 월드: 폴른 킹덤","8","쥬라기 월드: 폴른 킹덤쥬라기 공룡 1 볼때 엄마 손에 이끌려 왔는데 .. 이제는 그 소년 소녀들이 자기 자식들을 데리고 관람하네 "
"645","청년경찰","10","청년경찰난자적출!실화임? 개충격 "
"646","쥬라기 월드: 폴른 킹덤","8","쥬라기 월드: 폴른 킹덤'쥬라기공원' 시리즈는 항상 공룡이 사람을 쫓는 내용이 반복된다. 하지만, 그래도 긴박감 넘치고 재밌다. "
"647","인류멸망보고서","9","인류멸망보고서돈주고보긴아까운데 3편은 정말 신박했다! "
"648","바스키아","10","바스키아내 인생 영화 .,.,.,. "
"649","탐정: 리턴즈","10","탐정: 리턴즈너무 재미있었어요! 배우들 연기도 최고고 우리나라를 대표할 코미디 탐정 영화라고 생각합니다!! "
"650","내 친구 호비 극장판 호비와 매직 아일랜드","10","내 친구 호비 극장판 호비와 매직 아일랜드재밌게잘봤어요.눈물참느라혼났네엄ㅡㅡ;;오늘도 팅가링가 부..할종일 외쳤어요~^^ "
"651","버닝","1","버닝이창동 당신진짜 , 옆에있음 날라차기봐버리고싶다. 배우들 연기력이 아깝다!!! "
"652","블랙 팬서","1","블랙 팬서마블 최악의 영화... 2편 만들지 마라.. "
"653","독전","10","독전류준열 섹시함.... "
"654","탐정: 리턴즈","10","탐정: 리턴즈재미가 꽉 찬 영화시간 가는줄 몰라요 "
"655","사랑할 때 이야기하는 것들","8","사랑할 때 이야기하는 것들오랫만에 마음에 남는 영화를 보네요 "
"656","탐정: 리턴즈","10","탐정: 리턴즈웃음코드가 딱 내스타일 ㅎㅎ "
"657","지금 만나러 갑니다","6","지금 만나러 갑니다생각보단 별로였디만 괜찮아여ㅕ "
"658","아이 필 프리티","10","아이 필 프리티굳!!!굳!!!!. "
"659","프라이드 그린 토마토","9","프라이드 그린 토마토세대를 뛰어넘는 여성들의 우정과 연대를 보여주는, 가슴 따뜻한 동지애를 느끼게 해주는 영화. 강추! "
"660","탐정: 리턴즈","10","탐정: 리턴즈기대 이상의 재미, 기대 이하의 스토리 "
"661","탐정: 리턴즈","10","탐정: 리턴즈진짜 꿀잼!!!!빵빵 터져요 "
"662","쥬라기 월드: 폴른 킹덤","10","쥬라기 월드: 폴른 킹덤밑에분 말 처럼 재밋는데 영화볼때 좀 조용히 해줫으면.. "
"663","지금 만나러 갑니다","10","지금 만나러 갑니다웃펐다...원작을 봤었지만. 잘만들었다. "
"664","아이 필 프리티","10","아이 필 프리티존댐 ㅋㅋ남친이란보면 꿀잼 "
"665","오션스8","8","오션스8끝날때까지소변참음 재밌어요 "
"666","미드나잇 인 파리","10","미드나잇 인 파리상당한 여운과함께 교훈을 주는영화. 인생의 황금기는 현재이다. 그러나 현재는 언제나 불만족스럽다. "
"667","탐정: 리턴즈","9","탐정: 리턴즈흥미진진 은근 긴장도 되고 웃기고 "
"668","오션스8","4","오션스8소문난 잔칫집에 먹을것없다 "
"669","쥬라기 월드: 폴른 킹덤","7","쥬라기 월드: 폴른 킹덤클레어 여자 주인공이 너무 매력적이에요. 영화 자체는 그냥 평이한 수준이네요. "
"670","쥬라기 월드: 폴른 킹덤","8","쥬라기 월드: 폴른 킹덤재밌습니다 기존 쥬라기 시리즈랑도 다르고  15세이상이었으면 더박진감 있었을듯 "
"671","탐정: 리턴즈","10","탐정: 리턴즈역시 믿고보는 조합과 재미! "
"672","체인질링","10","체인질링정신병원은 좀 문제가 있군요 "
"673","불량남녀","10","불량남녀10점짜리..엄지원 진짜 내이상형이다.. "
"674","오션스8","8","오션스8케이트블란쳇 너무 매력적이었음.... "
"675","오션스8","1","오션스8이렇게 호화 여자배우를 모아놓고 재미없는 영화가 나오다니.영화본연의 재미 대신 억지로 페미니즘을 우겨넣음.  도둑영화 의 쫄깃함은 없고,  납득할수 없는 억지만 가득하다. 이제 하다하다 도둑질까지 페미니즘? 감독이 정신 나감. "
"676","카페 6","10","카페 6서로 다른곳은 보았기에... "
"677","탐정: 리턴즈","8","탐정: 리턴즈잼써연 광수 캐리 오져따리 "
"678","아이 필 프리티","2","아이 필 프리티탈코르셋하자면서 세컨드라인 화장품은 왜바름? "
"679","탐정: 리턴즈","10","탐정: 리턴즈다음편도 기데ㅐ됩니당!! 완전 재밋엉! "
"680","쥬라기 월드: 폴른 킹덤","9","쥬라기 월드: 폴른 킹덤엔터테인먼트 영화로서의 시리즈에 생각의 여지를 담은 수작입니다. 쥬라기 시리즈를 한 차원 도약시킨 작품이라고 생각합니다. "
"681","아이 필 프리티","10","아이 필 프리티20,30대 여성들에게 추천합니다 "
"682","주먹왕 랄프","10","주먹왕 랄프마지막에 정말 감동받음.2만들어진다니 너무 기쁘다.스스로를 다시 생각해보게 하는 애니메이션 "
"683","탐정: 리턴즈","10","탐정: 리턴즈넘나 웃고 왔습니다 - ㅎㅎ 꼭 보세요 듀번 세번 보세용 "
"684","탐정: 리턴즈","9","탐정: 리턴즈전편을 보지 않았음에도 생각보다 재밌었음권상우의 연기도 발음 빼고는 나무랄데 없이 잘했음! "
"685","오션스8","10","오션스8박지훈 사라져즘.. 영화 자체는 최고 제발 봐주세요 다들 "
"686","쥬라기 월드: 폴른 킹덤","10","쥬라기 월드: 폴른 킹덤여기 평점 대부분이 애들에대한 불평인데. 신기한게 내가 오늘볼때도 가스갖고 크게 물어보고. 뭔 일 날때마다 어른중 몇명이 크게 혼자 중얼거리고. 진짜 신기하다. 어떻게 다른 시간 다른 장소인데 애새끼들이나 어른들이나 똑같이 행동하네. 그런인간만 보나? "
"687","탐정: 리턴즈","2","탐정: 리턴즈추석특집으로나오면볼만한정도임..노오잼 "
"688","쥬라기 월드: 폴른 킹덤","10","쥬라기 월드: 폴른 킹덤진짜 재밌음 초반은 쫌 지루한데 그이후부터는 시간후딱가고 몰입장난아님 후회안하는영화 ^^ "
"689","탐정: 리턴즈","10","탐정: 리턴즈아 얘네 왤케 웃기냐 진짜 "
"690","오션스8","5","오션스8반전도 재미도 없는.... "
"691","아따맘마 - 극장판","8","아따맘마 - 극장판일본성우진으로 보니 뭔가 색다른 느낌이.에피소드들이 좀 많았음하는 아쉬움 "
"692","침입자","2","침입자재주도 좋네 이게 5.99면 내 인생이 130점이다. 여기다 욕 쓰면 안되는데 축구 선수 졸라 기막히는 영화란다. "
"693","탐정: 리턴즈","10","탐정: 리턴즈꿀잼이었어요.ㅎㅎㅎ "
"694","슈퍼배드","7","슈퍼배드어린아이들의 동심때문에 착해지는 악당이야기. 미니언즈들 너무 귀엽다. "
"695","오션스8","10","오션스8혼자 예매해서 봤는데 소소하고 웃기고 잼있게 봤습니다~~^^ "
"696","탐정: 리턴즈","10","탐정: 리턴즈완전재미있어요후회없는영화3꼭나왔음좋겠어요ㅎㅎ "
"697","볼트","7","볼트액션배우 강아지의 정체성 찾기와 우정.강아지가 넘 귀여움. "
"698","쥬라기 월드: 폴른 킹덤","8","쥬라기 월드: 폴른 킹덤공룡영화두번째인데생각보다재밌네요탄탄한근육질불사조두주인공보기좋고요유전자조작의위험성경고가좀더찐했더라면아쉬움도조금남습니다 "
"699","엑소시즘 오브 에밀리 로즈","7","엑소시즘 오브 에밀리 로즈법정 형식에서 이야기 주고 받는 부분들은 좀 지루했지만 주인공의 귀신에 신들린 연기는 너무 무서웠다. "
"700","아이 필 프리티","10","아이 필 프리티보고 한참 웃었네요 굳굳 "
"701","탐정: 리턴즈","10","탐정: 리턴즈기분탓일까요?? 진짜 더 재밌어 진 것 같아요 "
"702","라이트 아웃","6","라이트 아웃마지막이 허무하고 ""내가 없으면 너도 없다""? 다이애나를 없애는데 엄마가 죽어야만 했던게 안타까웠어요Save your life jQuery22408692677128996031_1529244318655 "
"703","오션스8","10","오션스8굿굿 계속 나와라 고고고 "
"704","소공녀","10","소공녀미소 그녀는 너무나 멋졌다 "
"705","그것만이 내 세상","9","그것만이 내 세상말해뭐해 이병헌은 역시 천상배우배우인생은 깔것이없다  진심 박정민도 놀라웠다 "
"706","탐정: 리턴즈","10","탐정: 리턴즈진짜 오랜만에 아니 처음으로 영화관에서 숨넘어갈듯 웃었어요.. "
"707","쥬라기 월드: 폴른 킹덤","10","쥬라기 월드: 폴른 킹덤예고편도안보고가서 너무기대안햇는데너무재밋엇어여ㅋㅋ "
"708","노벰버 맨","5","노벰버 맨액션이 폼밖에 없다! 수트빨은 멋지다! "
"709","레슬러","1","레슬러ㅈ진짜 돈주고 보면 안되는 영화 "
"710","사랑할 때 이야기하는 것들","10","사랑할 때 이야기하는 것들이런느낌영화 아주좋아 "
"711","탐정: 리턴즈","10","탐정: 리턴즈비비탄 총 캐리였다 꿀잼입니다 "
"712","유전","10","유전잼 없다는 놈들은 무슨 알바냐 ㅋㅋ "
"713","불신지옥","10","불신지옥완벽한 영화다. 보는 내내 지루함을 못느끼고 몰입감이 너무좋음. 극중 연기는 배우 전부다 말할필요도 없음. 너무 재밌게봄  진짜 최고!다이런 류의 영화 너무 좋아하는데 "
"714","탐정: 리턴즈","10","탐정: 리턴즈개잼다 이광수 ㅡㅜ 여치형 "
"715","쥬라기 월드: 폴른 킹덤","6","쥬라기 월드: 폴른 킹덤그럭저럭 봤네요 짤린부분이 있다는데 궁금해요 "
"716","탐정: 리턴즈","10","탐정: 리턴즈어디로 튈지 모르는 탐정들 ㅋ "
"717","탐정: 리턴즈","9","탐정: 리턴즈시간 가는줄 모르게 넘 재밌게 봤어요 ^^ "
"718","탐정: 리턴즈","10","탐정: 리턴즈완전 삐졌어 너무 촣은 작품이에요. 재미있게 잘 봤습니다 ♡♡ "
"719","오션스8","9","오션스8마이너스 1점의 이유는 단하나 번역가임. "
"720","탐정: 리턴즈","8","탐정: 리턴즈완성도는 확실히 1이 더 좋았던것같습니다.킬링타임용으로 간간히 웃으면서 볼수있었네요. "
"721","가디언즈","10","가디언즈네이버 평론가 평점 없앴으면 좋겠다. 말하는 꼬라지를 못봐주겠네ㅎ 영화를 본 사람들의 후기면 충분하지 않나? 굳이 평론가들 기자들 의견을 특별하게 대우해 줄 필요가 없을듯 "
"722","탐정: 리턴즈","7","탐정: 리턴즈적당히 유쾌하고 재밌음 "
"723","탐정: 리턴즈","9","탐정: 리턴즈전편보다 재미있었습니다.저는 개인적으로 장르는 다르지만 광해 타짜등 수준이라고생각하고 보고 와 재밋네 했습니다 추천드립니다 "
"724","쥬라기 월드: 폴른 킹덤","4","쥬라기 월드: 폴른 킹덤 유전자 조작으로 또 만들 수 있는 공룡 열댓마리를 살리기 위해 예상이 안되는 수많은 인명피해를 초래하는 게 과연 옳은 결정인가? 생각하면 할수록 불편판 영화 "
"725","탐정: 리턴즈","10","탐정: 리턴즈이광수ㅋㅋㅋㅋ아놔ㅋㅋㅋ "
"726","쥬라기 월드: 폴른 킹덤","8","쥬라기 월드: 폴른 킹덤재미있습니다 깜짝놀라는 부분이 많아요! "
"727","독전","10","독전간만에 재미있는 영화라고 생각합니다. 진짜 시간가는줄 몰랐네요 "
"728","오션스8","4","오션스8오션스 11 아류재미없어서 자다고 나옴 "
"729","탐정: 리턴즈","10","탐정: 리턴즈광수랑 장난감총이 살렷다 "
"730","버닝","10","버닝제가 유일하게 감동받는 한국 감독님이십니다 . 버닝도 너무 좋았습니다.  많은 생각을 하게 하네요 . "
"731","오션스8","6","오션스8그냥 저냥 킬링타임용임. 너무쉬운 도적질에 어이상실 "
"732","탐정: 리턴즈","10","탐정: 리턴즈아침부터 엄청 웃었어요!!+_+ㅋㅋ "
"733","유전","8","유전예전 1970 ~80년대의 공포영화를 좋아하시는 분들은 이 영화에 대한 평이 좋을것으로 예상해봅니다(사실 좀 더 강한 장면이 나오길 바랬지만 ) 왜 이 영화에 대한 평이 좋은지 100% 이해가 되네요 "
"734","본 아이덴티티","10","본 아이덴티티맷~ 최고예요. 여주는 소피마르소 닮았네요. "
"735","본 아이덴티티","10","본 아이덴티티맷~ 최고예요. 여주는 소피마르소 닮았네요. "
"736","오션스8","9","오션스8오션스8에 평점8.88  실화임? "
"737","스포트라이트","10","스포트라이트올해(2018) 본 최고의 영화! 모든 면에서 완벽한 영화다. "
"738","탐정: 리턴즈","6","탐정: 리턴즈평점이 높네요.. 전 1시간은. 지루했어요 "
"739","호로비츠를 위하여","1","호로비츠를 위하여호로비츠의 이름을 모욕한 영화다. 보는 내내 지루했다 "
"740","굿모닝 프레지던트","10","굿모닝 프레지던트꿀잼~~^^~~~~ "
"741","캡틴 아메리카: 시빌 워","10","캡틴 아메리카: 시빌 워캡틴 vs 토니.영화를 보는 관객들을 끊임없이 고민하게 만든다 "
"742","쥬라기 월드: 폴른 킹덤","6","쥬라기 월드: 폴른 킹덤그냥그래 2년만에봤는데도 "
"743","맨 프럼 어스","9","맨 프럼 어스진짜 썰만 풀었는데 조올라  재밌다. "
"744","사라진 밤","10","사라진 밤머리같복잡햐서 영화 집중하기가좋았다. "
"745","쥬라기 월드: 폴른 킹덤","9","쥬라기 월드: 폴른 킹덤아들이랑 같이 가서 봤습니다 아들이 많이 좋아 하네요 "
"746","탐정: 리턴즈","10","탐정: 리턴즈전편을 뛰어넘는 속편 ㅋ "
"747","골든슬럼버","1","골든슬럼버처음으로 몇글자올린다 보지마라 눈버린고 시간버린다 ..이영화만든사람은 관객에대한모독이다..살다살다 이런개OOO 스토리첨본다..별점0점을주고싶은데 0점은없네 그래서0.5점주께 자~받아라 별점반개다 .. "
"748","청년경찰","10","청년경찰둘 케이가 너무 좋고 재밌네요~ "
"749","탐정: 리턴즈","10","탐정: 리턴즈역시 이광수 성동일이다 "
"750","걸 온 더 트레인","4","걸 온 더 트레인거짓을 보여주다 마지막에 진실을 보여주는 관객을 우롱하는 영화인데다 등장인물들은 하나같이 정상인이 없음 "
"751","탐정: 리턴즈","10","탐정: 리턴즈잼났어요ㅋㄷ !!꼭보세요 ㅎㅎㅎ "
"752","툼레이더","4","툼레이더리부트 흉내내다..망작이 되어버림 "
"753","그것만이 내 세상","10","그것만이 내 세상이병헌은 연기로 깔게너무너무 없다 너무재미있다 "
"754","유전","9","유전단순하게 호러 영화. 곤지암도 비웃으면서 봤는데 이거는 못하겟더라.. "
"755","오션스8","8","오션스8기대 이상이었네요...볼만 합니다! "
"756","탐정: 리턴즈","8","탐정: 리턴즈시리즈의 성공 3편도 제작되었으면... "
"757","탐정: 리턴즈","1","탐정: 리턴즈알바들 열일한다댓글이 더 웃긴듯 "
"758","탐정: 리턴즈","10","탐정: 리턴즈새로 들어온 광수ㅋㅋㅋ잘어울리네 ㅋㅋ "
"759","아이언맨 3","10","아이언맨 3엄청재미있고 계속계속볼거임 "
"760","탐정: 리턴즈","10","탐정: 리턴즈재밌네요 ㅎㅎㅎ 성동일 너무 좋아요 !! "
"761","데자뷰","1","데자뷰무슨 영화동아리 학생들이 만들어도 이거보단 낫겠다어쨌든 남규리 예뻐서 1점은 준다 "
"762","사일런트 힐","10","사일런트 힐재미짐 평점을 8점대로 올려놔야할듯 "
"763","탐정: 리턴즈","8","탐정: 리턴즈이광수가영활살렸다ㅎ "
"764","탐정: 리턴즈","10","탐정: 리턴즈재미있어요 보러가세요! "
"765","트릭","10","트릭신태용 (영화? 축구?)감독의 '트릭' 파이팅입니다!! "
"766","라이온 킹","10","라이온 킹인생에서 몇 안되는 최고의 명작 애니 "
"767","탐정: 리턴즈","10","탐정: 리턴즈별생각없이 봤다가 정말 재미있게봤네요 그냥 가벼운마음에 한번보시길 추천드립니다 "
"768","류이치 사카모토: 코다","6","류이치 사카모토: 코다삶에 대해 깊이 총체적으로 알기엔 아쉬웠지만 침묵과 공명, 파동을 좋아한다면 추천! 영상을 사카모토 음악적 색체에 어울리게 편집하려 한 감독의 노력이 엿보인다... "
"769","탐정: 리턴즈","6","탐정: 리턴즈재미는 잇지만 스토리가 너무 지루합니다 ... 이광수 덕분에 웃엇네요그래도 ㅜㅜ 원래 영화볼때 안졸린데 중간에 잠왓어요 "
"770","오션스8","10","오션스8깔끔하게 잘 만든 상업 영화 "
"771","탐정: 리턴즈","9","탐정: 리턴즈탐정 시리즈 계속 나왔으면~~ 갠적으론 조선명탐정 보다 재밌는데~? "
"772","스틸 앨리스","10","스틸 앨리스너무 좋았어요 저는 몇번을 울었어요 딸의 관점에서 보게되네요 "
"773","탐정: 리턴즈","10","탐정: 리턴즈1편안봤지만  2편만으로 충분히 잼있었고 스토리지루하지않고  한국식 코믹 잼있었다 "
"774","쥬라기 월드: 폴른 킹덤","8","쥬라기 월드: 폴른 킹덤전편보다 더 재미있었습니다!! "
"775","오션스8","1","오션스8이게 재밌었다는 새끼들은 죄다 알바거나 안보고 선댓 후감상하겠다는 거 말곤 모르겠다 이 배우들 가지고 이딴걸 만들어 감독은 정마담이나 보고 각본 다시써라 진짜 핵노잼 "
"776","탐정: 리턴즈","9","탐정: 리턴즈재밌게 봤어요. 아들들도 좋아하더라구오ㅡ "
"777","곤지암","10","곤지암공포영화 볼때 왜 땀흘리는지 알았다 무서워서 한여름에 이불 뒤집어쓰고 있어서 왜 재미없었는지도 알겠다 이불땜에 본게 없어서 "
"778","쥬라기 월드: 폴른 킹덤","10","쥬라기 월드: 폴른 킹덤끌쟁!입니다바로보세요 "
"779","탐정: 리턴즈","8","탐정: 리턴즈짜임새있고 유쾌하게 봤어요 "
"780","오션스8","1","오션스8예쁜 배우들보는 눈요깃거리정도.. 헐리웃영화 특유 터지는 유머나 스펙터클한 액션따윈 기대안하고 봐야하는 영화. 나오겠지 뭔가 터뜨리겠지하며 기다리다가 끝남. 허무ㅠ 10점 만점 평점들은 다 알바인가.. "
"781","탐정: 리턴즈","10","탐정: 리턴즈세 배우 모두 매력만점 ㅎㅎ "
"782","쥬라기 월드: 폴른 킹덤","7","쥬라기 월드: 폴른 킹덤아쉽다 쥬라기 공원1에서 끝낫어야한다 "
"783","어벤져스: 인피니티 워","10","어벤져스: 인피니티 워엄청재미있고 또봐도 괜찮음 "
"784","탐정: 리턴즈","10","탐정: 리턴즈대박 그냥보세요 20OOO 최고영화!!! "
"785","허트 로커","10","허트 로커와...최고의 영화라 찬할만하다 "
"786","쥬라기 월드: 폴른 킹덤","6","쥬라기 월드: 폴른 킹덤롯데시네마 화질이 기대보다 안좋았어요스토리도 별루였고.신선함이 떨어진듯 "
"787","오션스8","10","오션스8걸크러시 언니들만으로 평점 10점 충분하다 꿀잼 특히 뉴욕을 잘아는사람들은 더 재밌을듯 ㅋㅋㅋthe Met이 배경이라서요 "
"788","레디 플레이어 원","10","레디 플레이어 원너무 신선하다 역시 스필버그오빠다! "
"789","탐정: 리턴즈","10","탐정: 리턴즈원보다 더 잼있게 봤어요 이광수 악역으로 안오니 더 잼 있는듯^^ 굿 "
"790","다크 나이트 라이즈","5","다크 나이트 라이즈내가 고담을 싫어해서 그런가 난 왜 지루하지? "
"791","유전","9","유전후반부 너무재밋는데 결말 씹망 아쉽다 "
"792","레슬러","6","레슬러이성경 너무이쁜듯 ㅎㅎ 그럭저럭 이성경때문에 봣네요 "
"793","탐정: 리턴즈","10","탐정: 리턴즈뭐 가볍게 보기엔 괜찮은 것 같습니다 "
"794","오션스8","6","오션스8앤 해서웨이로 시작해 앤 해서웨이로 끝나는 영화 "
"795","어벤져스: 인피니티 워","6","어벤져스: 인피니티 워믿고보는..그런데 마지막 무엇...?답답하네 "
"796","택시 2","7","택시 2스피드 스피드 카액션씬은 씬나~ "
"797","쥬라기 월드: 폴른 킹덤","9","쥬라기 월드: 폴른 킹덤공룡은 역시 쥬라기퀄리티 못따라감 "
"798","콰이어트 플레이스","10","콰이어트 플레이스역시 공포 영화는 일본영화가 만들어야 되겠닼ㅋ 스릴러치고는 살짝 부족했음 "
"799","탐정: 리턴즈","10","탐정: 리턴즈지루하지않고재미나게 잘봤습니다. "
"800","오션스8","9","오션스8퍼펙트한 외모, 퍼펙트한 능력!! 퍼펙트한 팀웍! 진짜 퍼펙트 ㅋ "
"801","탐정: 리턴즈","10","탐정: 리턴즈재미있게잘봤습니다꼭챙겨보세요조금유치한부분도 있었지만 ㅋㅋㅋ재미있었습니다 "
"802","가슴 달린 남자","10","가슴 달린 남자진짜재밌다.. 그리고 존나 잘생겼다;; "
"803","오션스8","10","오션스8푹~ 빠져서 봤습니다영~~ "
"804","유전","6","유전개연성이너무부족하다. "
"805","오션스8","10","오션스8남성 중심의 영화들만 보다가 여성 중심의 영화라니! 그런데 부족한게 없다니!! "
"806","오션스8","10","오션스8Very Good! 꼭보세요 "
"807","탐정: 리턴즈","6","탐정: 리턴즈재미는 있는데 이광수없엇으면 지루했을법한 정도. 기대안하면 재밌어요 "
"808","메이즈 러너: 데스 큐어","5","메이즈 러너: 데스 큐어이게 워킹데드야? 갑자기 좀비 등장 "
"809","아이 필 프리티","10","아이 필 프리티감동적인 스토리에요ㅠㅠ 재밌게 잘 봤습니당! "
"810","더 로프트 : 비밀의 방","5","더 로프트 : 비밀의 방너무 작위적인~ 반전이 반전이 아닌~ 마지막은 또 왜~시간은 때울수있는 ㅎ "
"811","쥬라기 월드: 폴른 킹덤","6","쥬라기 월드: 폴른 킹덤쥬라기월드가 아니라 쥬라기저택 이 맞다고 봄 "
"812","오션스8","6","오션스8무난합니당 킬링타임용? "
"813","독전","10","독전올해 가장 재밌게 본 영화 "
"814","탐정: 리턴즈","10","탐정: 리턴즈여친이랑 봤는데 중간중간 빵빵 터지네요 ㅋㅋㅋ "
"815","26년","10","26년절대 잊지 않겠습니다. "
"816","탐정: 리턴즈","10","탐정: 리턴즈너무 재밌게 웃으면서 보고 온 영화! "
"817","탐정: 리턴즈","10","탐정: 리턴즈1편을 재밌게 봐서 2편 나온다길래 기대하다가 보고왔습니다! 너무 재밌게 보고왔네요^^ "
"818","오션스8","4","오션스8개연성도 긴장감도 스릴도 통쾌함도 없음. 그냥 재미가 없음 "
"819","어벤져스: 인피니티 워","10","어벤져스: 인피니티 워어벤져스 그다음편이 기대됩니다 "
"820","하울의 움직이는 성","10","하울의 움직이는 성최고의 영화. 보고 또 보아도 재밌어요~^^ "
"821","버닝","10","버닝생각을 많이 할 수 있게 만드는 영화입니다.일반적인 영화와는 다릅니다.재미가 있다고는 표현하기 어렵지만저는 참 좋았습니다. 어떠한 말로도 표현이 안 되네요.잘 봤습니다. "
"822","오션스8","10","오션스8미래에 범죄자가 될 소녀들을 위해 성공해야 한다니 존멋 ㅠ 남자들의 영역이었던 곳도 여자도 갈수있다는 뜻을 함축하고 있는거 같아서 너무 좋았어요 존잼이었음 ㅠ "
"823","탐정: 리턴즈","10","탐정: 리턴즈기대안하고 봤는데, 마니 웃다왔네요! "
"824","아이 필 프리티","10","아이 필 프리티예상치 못하게 펑펑 울었어요ㅠ "
"825","쥬라기 월드: 폴른 킹덤","10","쥬라기 월드: 폴른 킹덤전 재밌었어요ㅋ섬에서 배못탄 공룡 슬픔 "
"826","오션스8","10","오션스8중간중간 재밌는 요소들이 많아서 소리내서 웃을뻔햇어요 짱잼 "
"827","수상한 고객들","8","수상한 고객들연기를 잘해서 보기도 좋고 재밌게 잘봤습니다 "
"828","온리 더 브레이브","8","온리 더 브레이브대자연 앞에 한없이 작은 인간의 존재. 제대로 싸워보지도 못 하고 당했지만 그게 자연이고 그게 현실인 것이다. "
"829","탐정: 리턴즈","8","탐정: 리턴즈볼만햇다 킬링타임으로 갠츈 "
"830","아이 필 프리티","7","아이 필 프리티재밌긴한데 중간에 좀 지루하네요... "
"831","꾼","3","꾼나 되게 관대한데 이건 아니지... "
"832","베이비 드라이버","1","베이비 드라이버시나리오가 정말 개판....사건 개연성 제로에 등장인물에 대한 이해도 전혀 되지 않아서 보고 난 뒤 시간 아깝다는 생각이 들었음 "
"833","트립 투 스페인","5","트립 투 스페인남자 수다쟁이 영화.스페인  어디 가는지 알수도 없고별로다 "
"834","독전","1","독전30분 보고 나온다 C급 스릴러 영화. 요즘 흥행감독들 수준 진짜.... 심각하다 심각해 "
"835","청년경찰","10","청년경찰오랜만에 재밌게 봤네ㅋㅋ한국코메디인데 신파도 없고 액션 적절하고 배우 케미 잘맞고ㅋㅋ "
"836","쥬라기 월드: 폴른 킹덤","10","쥬라기 월드: 폴른 킹덤블루 오웬 케미 잼있어요 "
"837","탐정: 리턴즈","3","탐정: 리턴즈보다가 나왔어요 ㅜ 전 좀 지루해서 둘이 보다가 다 보지 못하고 나왔네요 "
"838","쥬라기 월드: 폴른 킹덤","8","쥬라기 월드: 폴른 킹덤재미있어용. 지루한 부분도 있긴 했지만 공룡이 귀엽게 나오는 것도 있어서 재밌게 봤어요. "
"839","탐정: 리턴즈","10","탐정: 리턴즈와 진짜 배꼽잡고 웃엇어요 ㅠㅠ 간만에 재밋는영화봐서 기분너무좋네요 "
"840","탐정: 리턴즈","8","탐정: 리턴즈아무생각없이 보며 즐길수있어요 ~ ㅎ "
"841","오션스8","8","오션스8ㅇㅇ오ㅕㅗㅍㅊ서ㅡㅜㅍ "
"842","쥬라기 월드: 폴른 킹덤","10","쥬라기 월드: 폴른 킹덤엄마랑 둘이 봤는데 슬픈포인트,웃음포인트,교훈같은것도 있고 너무 재밌어요 "
"843","탐정: 리턴즈","8","탐정: 리턴즈재미있게 봤어요.남자는 불쌍한것 같아요.퉁격적님 소재 "
"844","오션스8","10","오션스8여자는 8명이면 충분해! "
"845","오션스8","9","오션스8재미있는데 다소 짧아서 아쉬웠음 ㅠ가벼게 보기 좋은영화!!언니들이 너무 다들 멋지고 예븜 ㅠ "
"846","탐정: 리턴즈","10","탐정: 리턴즈배꼽 잡고 웃었네용 ㅎㅎ "
"847","오션스8","10","오션스8쿠너너타나아아다아아나ㅏ나 "
"848","오션스8","8","오션스8뭔가 막 휙휙 지나가고 끝난거 같지 않은데 끝나버렸네요.. 시간 가는줄 모르고 봤다는... 2점 깍은건 뭔가 마무리가 어설프게 끝났다는거.. 일련의 사건이 이렇게 쉽게 정리가 되나 싶은감이 있어요 ;; "
"849","오션스8","8","오션스8환상적인 팀플레이를 보여줌 영화 출연진들도 다 개쩔고 "
"850","염력","10","염력이영화는 작정하고 만든 골때리는 영화다, 캐릭터들 하나하나가 정상적이지 않았다, 거기에 골때리는 감독 연상호 스타일인 계속되는 고난과 역경속에서 실로 보통사람이면 선택을 하지 않는 선택을하는 주인공의 모습을 보면서 이시대 최고의 블랙코미디라 칭하겠다. "
"851","스텝포드 와이프","10","스텝포드 와이프좋은 영화입니다. 남친이랑 보면 무슨 반응나오는 지 보고 거를각이네요,,, "
"852","탐정: 리턴즈","10","탐정: 리턴즈너무 재미있게봤어요 !! "
"853","리틀 포레스트","8","리틀 포레스트다버리고떠나고싶었다. 그러나뒤돌아보니 버리고자하는게없었다 "
"854","오션스8","10","오션스8오랜만에 영화보고 기분 좋았~~~~! "
"855","유전","1","유전영화속 가족들이 한명씩 제물이 되어가는 ...너무너무 무서웠습니다 ....네...제가 이영화의제물이 되었던거같아서 무서웠습니다. "
"856","셰이프 오브 워터: 사랑의 모양","10","셰이프 오브 워터: 사랑의 모양사랑은머리가아닌가슴으로하는것 "
"857","사라진 밤","8","사라진 밤나쁘지않았고볼만했어요 "
"858","쥬라기 월드: 폴른 킹덤","10","쥬라기 월드: 폴른 킹덤흥미롭게 잘 봤습니다실제 그럴듯하게 잘 꾸며진 영화 "
"859","오션스8","1","오션스8진짜 재미업ㄱ네요 돈개아까워 ㅠㅠ영화관알바들의 평점주작에 낚여서 내 시간과 돈만 날렸어 "
"860","궁합","6","궁합그냥그랬어요초등영화같은.. "
"861","하이큐!! 콘셉트의 싸움","10","하이큐!! 콘셉트의 싸움하이큐 4기 언제나오나요jQuery22407640492899165787_1529242057216?ㅠ.ㅠ "
"862","50가지 그림자: 해방","8","50가지 그림자: 해방음향이다했네요재밌었음 "
"863","버닝","10","버닝우리나라 관객은 영화보는 수준을 높여야  할 필요가 있다. "
"864","퍼시잭슨과 괴물의 바다","5","퍼시잭슨과 괴물의 바다그저 하품만 나온다.. "
"865","버닝","10","버닝하루키소설을보는듯했던. 멈출수없는청춘의버닝 "
"866","유전","9","유전간만에 잘 만든 공포영화 "
"867","탐정: 리턴즈","10","탐정: 리턴즈재밌어요 재밌어요 재밌어요 "
"868","탐정: 리턴즈","8","탐정: 리턴즈유쾌하게 봤어요~역쉬 믿고보는 귄상우 성동일!! "
"869","탐정: 리턴즈","10","탐정: 리턴즈너무재밌었어요 배우분들 연기도 다 잘하시고 유쾌해지는 영화네요 내용전개도 긴장감있고 잠깐잠깐 등장하시는분들도 인상깊네요~딱히 흠잡을게 없네;; 남자친구랑 둘이 깔깔거리다 왔습니다 감사합니다~ "
"870","탐정: 리턴즈","10","탐정: 리턴즈재밌어요 전편 이어서보면 더 재밌어요ㅋㅋ "
"871","탐정: 리턴즈","10","탐정: 리턴즈시사회당첨되서 보구 잼나서  부모님들 보여줄려구 다시예매해서 봤는데 역쉬빵빵터짐 잼나요 "
"872","오션스8","8","오션스8재밌네요멋있는영화입니다. "
"873","오션스8","10","오션스8스트레스가 풀리는 영화~~ "
"874","쥬라기 월드: 폴른 킹덤","8","쥬라기 월드: 폴른 킹덤스케일좋네요.. 뒤에앉은 개념없는 엄마와 아들때메 시끄러운것만 빼면..집에서 보는것 처럼 말하는 진주MBC극장 오후1시20분타임에 보신 아주머니 제발 예의라는 걸 지킵시다 "
"875","아이 필 프리티","1","아이 필 프리티못생긴 건 못생긴 거지. 못생긴 여자들이나 좋아할 영화. 실제로 영화 가장 좋아하는 그룹이 20대 여자네. 화장 지우면 다 10점 주고 싶겠지. 낄낄 "
"876","나는 내일, 어제의 너와 만난다","4","나는 내일, 어제의 너와 만난다제목이 저지른 스포로 인해 전체 스토리가 예상 가능! 뻔한 설정에서 감동을 느끼기엔 여자 주인공은 그나마 괜찮았지만 남자주인공의 연기가 몰입을 방해한다. 일본 영화 특유의 영상미와 ost는 좋다. 많은 분들이 느끼신 감동을 느끼지 못 해 아쉽다. "
"877","더 기버: 기억전달자","10","더 기버: 기억전달자날 여러 울린 미국의 민주당식의 영화. 마지막에 경계선 해재로 단계적 감동을 주는 것은 인셉션 이상이라 본다. 몇번을 봐도 감성이 통하는..기억전달자는 거의 가이드라인을 제시할 뿐 정답을 강요하지 않는다. (선과악 설명 부분에선 좀 아닌거같지만...) "
"878","스파이 키드","6","스파이 키드꼬마들이 대단한데~~~ "
"879","유전","8","유전흥겹네요 ㅋㅋㅋ 케빈인더우즈 생각 많이 남 지독한 농담 ㅋㅋㅋ "
"880","탐정: 리턴즈","10","탐정: 리턴즈영화 별로 안좋아하는데 어쩌다가 보게 돼서 봤더니 정말 재밌 "
"881","탐정: 리턴즈","10","탐정: 리턴즈주인공 광수임 ㅋㅋ꼭 보세염 ㅋㅋㅋ "
"882","오직 그대만","6","오직 그대만로멘틱영화치고는 스토리가 너무 쎄. "
"883","오션스8","10","오션스8불편함 없이 마음껏 즐길 수 있어 좋았습니다. "
"884","탐정: 리턴즈","9","탐정: 리턴즈1보다 2가 훨재밌다 진짜ㅋㅋㅋ와 ㅋㅋ진짜 ㅋㅋㅋ3도 기대됨ㅋ "
"885","류이치 사카모토: 코다","10","류이치 사카모토: 코다반가웠습니다.그리고 고마워요.짧은시간 당신의 삶을 엿볼수 있게 해줘서.건강하세요..! "
"886","생텀","5","생텀보는내내 나도 숨이 막혔다. "
"887","오션스8","10","오션스81차 다음은 2차죠... 세련되고 깔끔한거 좋아한다면 결제하세요. "
"888","쥬라기 월드: 폴른 킹덤","6","쥬라기 월드: 폴른 킹덤마지막에 쿠키영상 있다고 끝까지 엔딩 크레딧 다 보고 기다렸는데 쿠키영상 보니 기다린게 허무하게 느껴졌었음 .,, "
"889","아이 필 프리티","10","아이 필 프리티존잼이예요!! 자존감 높여주는데 좋은 영화인거 같아요 "
"890","오션스8","10","오션스8즐거운 케이퍼 무비의 매력 "
"891","오션스8","10","오션스8여자가 주인공인 영화가 최고 ^^7 "
"892","탐정: 리턴즈","10","탐정: 리턴즈광수가 열일했다 가볍게 재밋게 봄 "
"893","탐정: 리턴즈","10","탐정: 리턴즈매우 웃기고 재미있다 개인적으로 성동일을 좋아하고 권상우도 몸매가 넘넘 멋지다 "
"894","탐정: 리턴즈","10","탐정: 리턴즈진짜 웃겨서 눈물났음 ㅠ "
"895","아이 필 프리티","10","아이 필 프리티뻔할것 같으면서도웃고 울게 만드는 매력이 넘치는 영화물론 여주가 그만큼 매력이 넘친다는 뜻이지만자존감 나를 되돌아보는 인생영화랄까.. 정말 재밌었다 "
"896","탐정: 리턴즈","10","탐정: 리턴즈재밌다재밌다재밌다. "
"897","오션스8","5","오션스8스토리는 재밌어요 피곤이 밀려와 졸았지만.. 앤해서웨이 대존예 "
"898","아이 필 프리티","4","아이 필 프리티저는 생각보다 좀 유치하게 느껴지고 약간은 뻔한 스토리로 지루하게 느껴졌어요~ "
"899","극장판 슈타인즈 게이트: 부하영역의 데자뷰","10","극장판 슈타인즈 게이트: 부하영역의 데자뷰크 역시 믿고 보는 슈타게 "
"900","지금 만나러 갑니다","2","지금 만나러 갑니다나쁘진 않은데 아무래도 자꾸 원작이랑 비교되다보니 별로긴하다 ... 원작볼때는 진짜 눈물 펑펑흘리면서 봤는데 눈물 하나도 안나옴 .. "
"901","탐정: 리턴즈","10","탐정: 리턴즈너무재밌었어요강추강추 "
"902","쥬라기 월드: 폴른 킹덤","9","쥬라기 월드: 폴른 킹덤아이들과 같이봤어요 재밌어요 순간순간 깜짝 놀랬어요 맨 마지막 쥬라기월드에 오신걸 환영합니다 ㅎㅎ 다음편이 기대대요 "
"903","엣지 오브 투모로우","10","엣지 오브 투모로우재밌습니다 마지막까지 몰입감이 대단합니다 "
"904","소수의견","8","소수의견마냥 영화같지만은 않은 영화. 형소법을 알고 보니 더 재밌다. "
"905","탐정: 리턴즈","8","탐정: 리턴즈이광수 나오는 장면에서는 빵빵 터지네요~ "
"906","스텔라","10","스텔라마지막 장면에 30분을 울었어요....주인공은 웃고 있는데 제 눈의 눈물은 멈추지 않네요 "
"907","탐정: 리턴즈","10","탐정: 리턴즈아 이광수 ㅋㅋ진짜 안 좋아했는데 이 영화에서 아주 제대로 감초역할ㅋㅋ넘웃김ㅋㅋ "
"908","탐정: 리턴즈","10","탐정: 리턴즈광수가 왜 거기서 나와...? "
"909","강철비","10","강철비재밋게본영화원작도 재미잇음 "
"910","1급기밀","10","1급기밀방산비리는 반역죄임 사형으로 다스려야함 "
"911","탐정: 리턴즈","10","탐정: 리턴즈너무너무너무  재미 있어요 "
"912","케이크메이커","6","케이크메이커처음부터 깜놀... ㅠ "
"913","미세스 하이드","6","미세스 하이드연기는 좋았으나 원작이 시나리오에 녹아들지 못함. "
"914","오션스8","6","오션스8개연성 없이 짠! 하고 결과만 보여주고 나중에 이래서 성공했어 멋지지 하는 영화임 "
"915","태어나기는 했지만","8","태어나기는 했지만아이에서 어른으로. 웃음에서 한숨으로. "
"916","오션스8","10","오션스8리한나 최고간지... "
"917","탐정: 리턴즈","8","탐정: 리턴즈광수 오토바이 하드캐리 "
"918","탐정: 리턴즈","10","탐정: 리턴즈완전재밌네요 꼭챙겨보세요 "
"919","오션스8","8","오션스8개성있는 캐릭터들만으로는 만점, 케이트는 위대하다 ㅠㅠ "
"920","오션스8","10","오션스8이렇게 여배우들로만 이루어져서 폭력없고 자극적인 요소 없는 영화 정말 너무 좋음ㅠㅠ 왜 진작에 이런 영화들이 만들어지지 않았을까? 진짜 재밌음 "
"921","버닝","7","버닝배우들 연기력bbbb "
"922","오션스8","10","오션스8통쾌한 범죄 영화.. 지루할틈 없음 "
"923","탐정: 리턴즈","10","탐정: 리턴즈대박~웃다 숨넘어갈판~ "
"924","탐정: 리턴즈","8","탐정: 리턴즈전작에비해 내용은 한창 더 탄탄해졌으나 예상되는결말과 웃음요소는 약해짐 "
"925","오션스8","10","오션스8진짜 재밌어요 ㅋㅋㅋㅋ 최근본 영화중에 제일 재밌었던거 같아요 ㅋㅋㅋ "
"926","컴, 투게더","9","컴, 투게더충분히 괜찮은 영화 10자 채우라니 참말로미오와 줄리엣지 있어 보이니코보코브라면 먹고 가던지 말던지지 말라니깐깐하게 구네네 알겠습니다 "
"927","아이 필 프리티","10","아이 필 프리티너무 재밌는 캐릭터들이 모두 사랑스러워라 "
"928","쥬라기 월드: 폴른 킹덤","2","쥬라기 월드: 폴른 킹덤스토리가 좀 부실한 듯 ~ 공룡 보는 재미 끝 "
"929","탐정: 리턴즈","10","탐정: 리턴즈광수님때문에 진짜. . ㅋ ㅋ ㅋ 유쾌하게 보고 왔네요 "
"930","뷰티 인사이드","10","뷰티 인사이드평점이 왜이러지.. 난 잼있었는데 "
"931","탐정: 리턴즈","1","탐정: 리턴즈 재미없내여 보지마세요 진짜 돈 아까워요 종현이가 내주는거 아니였으면 안봤어요 "
"932","유전","10","유전오랜만에 재미있게 본 영화입니다. 영화비가 아깝지 않았던 영화. "
"933","쥬만지: 새로운 세계","8","쥬만지: 새로운 세계킬링타임용 최고. 깨알같은 유머. "
"934","쥬라기 월드: 폴른 킹덤","8","쥬라기 월드: 폴른 킹덤기대없이 봐서 그런지 재미있게 보고 왔습니다! "
"935","데자뷰","1","데자뷰ㄲㄷ시간만 날렷네요.. "
"936","과속스캔들","10","과속스캔들따뜻해요. 부러운 가족. "
"937","탐정: 리턴즈","10","탐정: 리턴즈웃김~계속웃김~웃고싶은사람 추 "
"938","세라비, 이것이 인생!","10","세라비, 이것이 인생!완전 강추!!! 프랑스 감성에 취해보세요~!!! "
"939","탐정: 리턴즈","10","탐정: 리턴즈완전 재밌어요.  둘이 케미가ㅋㅋ 어른들하고 봐도 괜찮을 듯 "
"940","블랙 쉐도우","3","블랙 쉐도우그나나 액션 스케일은 쫌 있는편인디 정작 액션을 하는 배우와사람들의 액션은 그냥 장난 살다살다 이런 액션은 첨봄 ㅋㅋㅋ 쵱이 해도 이것보다 액션 잘할듯 "
"941","아이 필 프리티","10","아이 필 프리티재미잇어요 여자주인공 너무 매력적이에요 "
"942","류이치 사카모토: 코다","8","류이치 사카모토: 코다좋았습니다..귀로 듣는 영화였네요.. "
"943","탐정: 리턴즈","8","탐정: 리턴즈부모님과 웃으며 재밌게 봤어요 ㅋㅋ모두만족 "
"944","탐정: 리턴즈","10","탐정: 리턴즈꿀잼 ㅎㅎㅎ광수 진격의거인 "
"945","레슬러","6","레슬러70% 까지만 재밌음... "
"946","아이 캔 스피크","10","아이 캔 스피크전세계의 옥분 할머니들의 용기에 박수와 존경을 "
"947","스텝포드 와이프","10","스텝포드 와이프도태될 남자들은 싫어할만도 하다...  물론 일부 조신남들은 제외요. "
"948","캡틴 아메리카: 시빌 워","6","캡틴 아메리카: 시빌 워한 줄평: 아이언맨만 불쌍하고 캡틴 아메리카만 답답한 영화 "
"949","버닝","2","버닝'요즘 20대'로서 이 영화가 요즘 20대를 표현한다는  평론을 보고 선택했는데... 별로 동감이 가지 않았어요ㅋㅋ "
"950","탐정: 리턴즈","10","탐정: 리턴즈짱잼ㅎㅎ이광수 하드캐리ㅎㅎ "
"951","오션스8","7","오션스8전반적으로 지루하고 별로였어요 "
"952","바람과 함께 사라지다","4","바람과 함께 사라지다가벼워도 너무 가벼운걸 "
"953","콰이어트 플레이스","10","콰이어트 플레이스에밀리블론트는 총이 정말 잘어울린다 "
"954","쥬라기 월드: 폴른 킹덤","8","쥬라기 월드: 폴른 킹덤간간히 갑툭튀로 놀라는 재미가 있음ㅎㅎㅎ "
"955","쥬라기 월드: 폴른 킹덤","6","쥬라기 월드: 폴른 킹덤딱 예상했던 만큼 이네요, 3편은 재밌겠네요~ 도심에 공룡이라 "
"956","탐정: 리턴즈","10","탐정: 리턴즈광수가 신의한수!!! "
"957","가루지기","8","가루지기유치하지만 재밌는 영화였습니다 "
"958","탐정 : 더 비기닝","8","탐정 : 더 비기닝개꿀잼 보장... 시리즈로 나오는게 대박!! 바로 2편 보러 극장갑니다!! "
"959","탐정: 리턴즈","10","탐정: 리턴즈진짜 많이 웃다가 갑니다 ㅎㅎ 최고 "
"960","오션스8","9","오션스8재밌게 봤어요우!!강추합니다 "
"961","곤지암","10","곤지암예고편으로 볼땐 무서워하는연기 드럽게 못하네..라고 생각했는데 영화보니 그런생각 안들었어요. 너무 재밌게봤습니다. 기존 파운드푸티지 영화의 전형적인 형식을 이것저것 가져온 듯하지만 그래도 잘 만든 영화임은 확실하네요! 귀신들이 아주 강렬했어요!! "
"962","독전","6","독전한국영화는 점점 잔인하고 잔혹해져가기만 한다, 이젠 15세 관람가 수준이 이정도라니 "
"963","독전","8","독전그냥 그냥 그냥ㅋㅋ 김주혁씨 연기가 젤 인상깊어요 "
"964","탐정: 리턴즈","10","탐정: 리턴즈웃음이 끊이질않았네요!!넘재밌어요 ㅠ "
"965","마약전쟁","10","마약전쟁상당한 수작이다 순홍레이의 연기가 일품..마지막 수갑씬도 사형씬도 좋앗다 "
"966","쥬라기 월드: 폴른 킹덤","4","쥬라기 월드: 폴른 킹덤영화가 언제 끝나나 기다리며 3시간짜리 영화인줄 알았다. 공룡 머리 그림자 효과 나오는 컷을 너무 남발하네요. "
"967","오션스8","6","오션스8화려한 여러 배우들을 한 영화에서 볼 수 있다는 것 빼고는내용이 그닥... "
"968","탐정: 리턴즈","10","탐정: 리턴즈이렇게 웃긴영화 진짜 오랜만에 봤어룤ㅋㅋㅋㅋ "
"969","쥬라기 월드: 폴른 킹덤","10","쥬라기 월드: 폴른 킹덤역시 블루!!!!너무 귀여워요!!!언제나 보고 사진으로 보고 싶네요!!! "
"970","12 솔져스","1","12 솔져스미국 짱짱 만쉐이~!! "
"971","탐정: 리턴즈","10","탐정: 리턴즈진짜 한번 꼭보셈 진짜 개재밌 ㅋㅋㅋㅋ 1편보다 더 업그레이드 되서옴 ㅋㅋㅋㅋ 이광수 ㅋㅋㅋ "
"972","탐정: 리턴즈","8","탐정: 리턴즈모처럼 가족끼리 즐거운 영화관람했습니다.스토리도 흥미롭고 연기도 볼만했어요.개그가 쉴새 없이 터져서 깔깔거리면서 봤네요^^ "
"973","탐정: 리턴즈","8","탐정: 리턴즈탐정2 정말 재미있다 꼭 봐라 "
"974","쥬라기 월드: 폴른 킹덤","10","쥬라기 월드: 폴른 킹덤ㅠㅠ블루 귀엽고 불쌍해요~~ "
"975","바람 바람 바람","10","바람 바람 바람심각하게 보지말고 가볍게 보기엔 너무 재밌어요 "
"976","콜 미 바이 유어 네임","10","콜 미 바이 유어 네임마지막 엔딩씬의 엘리오 표정과 엘리오를 비추는 벽난로 불꽃. 함께 웃고 울었던 올리버와의 기억은 아름답게 태워버려. "
"977","탐정: 리턴즈","10","탐정: 리턴즈나이스나이스한 영화 웃고 돌아갑니당다아다으아등 "
"978","바르다가 사랑한 얼굴들","10","바르다가 사랑한 얼굴들사랑스러운 영화. 예술적 감성이 듬뿍 담겨있어 사진과 영화를 좋아하는 감성이 있다면 공부하기에 좋을만큼 너무나 예쁜 영화♡ "
"979","쥬라기 월드: 폴른 킹덤","8","쥬라기 월드: 폴른 킹덤전작보다는 조금 덜 재미있었지만 재미있게 봤어요. "
"980","탐정: 리턴즈","4","탐정: 리턴즈평점들 보면 국산영화의 질이 떨어지니 관객들의 수준까지 떨어진다는 생각이 든다. 단순히 웃김이 목적인거 같은데 웃음포인트가 너무 예상되지 않나? "
"981","극장판 포켓몬스터DP - 디아루가 VS 펄기아 VS 다크라이","10","극장판 포켓몬스터DP - 디아루가 VS 펄기아 VS 다크라이아이가좋아하네요ㅋㅋ "
"982","탐정: 리턴즈","10","탐정: 리턴즈광수 캐미 쩐다광수 캐미 쩐다 "
"983","탐정: 리턴즈","7","탐정: 리턴즈추리물의 탈을 쓴 코미디라는 점만 거슬리지 않다면 재밌게 볼 수 있는 영화 "
"984","쥬라기 월드: 폴른 킹덤","10","쥬라기 월드: 폴른 킹덤굿입니다요ㅇㅅㄷ노ㆍ "
"985","쥬라기 월드: 폴른 킹덤","2","쥬라기 월드: 폴른 킹덤별루다디아앙그러시고 "
"986","봄날은 간다","10","봄날은 간다똑같아... 내 얘기하는줄 "
"987","쥬라기 월드: 폴른 킹덤","9","쥬라기 월드: 폴른 킹덤공룡 덕후로서 공룡 종류도 많이 나오고 갑툭튀 많아서 좋았어요ㅋㅋㅋㅋ "
"988","쥬라기 월드: 폴른 킹덤","9","쥬라기 월드: 폴른 킹덤긴장감 있고 심장이 쫄깃거려요. 다음편 빨리 보고 싶어요. 특히 블루가 어떻게 변할지 궁금해요. "
"989","곡성(哭聲)","4","곡성(哭聲)어쩌다 보게 됐지만 다 보고나서 왜  봤지? 뭘 본 거지? 뭐하러 찍었지? "
"990","오션스8","6","오션스8보기 전:앤해서웨이나온대~보고난 후:아~~ 블랙팬서동생이네 "
"991","탐정: 리턴즈","10","탐정: 리턴즈똥 ㅋㅋ 이광수 너무 웃김 ㅋㅋ3편도 나왔으면 좋겠어요 ㅜㅠ성동일 권상우 캐미 굿굿 "
"992","탐정: 리턴즈","10","탐정: 리턴즈너무 재밌어욬ㅋㅋㅋ최고 "
"993","소셜포비아","10","소셜포비아직접.간접으로 사람들을 죽이는 시대 "
"994","오션스8","10","오션스8여배우들 정말 하나같이 모두 완벽하고 훌륭해요! "
"995","버닝","1","버닝이창동 감독님 너무 오래 쉬셔서 감 떨어지신 거 아닙니까? 감독하신 영화 하나도 안 빼놓고 다 봤는데 처음으로 실망했습니다 "
"996","쥬라기 월드: 폴른 킹덤","10","쥬라기 월드: 폴른 킹덤섬에남은 공룡이한마리 배못탄게 너무마음아파서 눈물왈칵났다 ㅠㅠㅠㅠ "
"997","탐정: 리턴즈","7","탐정: 리턴즈킬링타임으로 딱임.한국영화치고 이정도면  아주 수작이라 생각함 "
"998","서부전선","10","서부전선너무 재미잇습니다.ㅋ "
"999","요노스케 이야기","9","요노스케 이야기손에 꼽는 기억에 남은 일본 영화 "
"1000","독전","10","독전진짜 최고에요 배우들 연기부터 연출 각본까지.. "
